,Gender_Female,Gender_Male,Married_No,Married_Yes,Dependents_0,Dependents_1,Dependents_2,Dependents_3+,Education_Graduate,Education_Not Graduate,Self_Employed_No,Self_Employed_Yes,Property_Area_Rural,Property_Area_Semiurban,Property_Area_Urban,Capacity,Credit_History_0,Credit_History_1,LoanAmount_log,TotalIncome_log,EMI_log
0,0,1,1,0,1,0,0,0,1,0,1,0,0,0,1,97.84578560437681,0,1,4.836281906951478,8.674025985443025,6.851511778289265
1,0,1,0,1,0,1,0,0,1,0,1,0,1,0,0,97.8985388277787,0,1,4.852030263919617,8.714567550836485,6.867260135257405
2,0,1,0,1,1,0,0,0,1,0,0,1,0,0,1,97.8,0,1,4.189654742026425,8.006367567650246,6.2048846133642135
3,0,1,0,1,1,0,0,0,0,1,1,0,0,0,1,97.57134183363692,0,1,4.787491742782046,8.50532301884575,6.802721614119834
4,0,1,1,0,1,0,0,0,1,0,1,0,0,0,1,97.65,0,1,4.948759890378168,8.699514748210191,6.963989761715956
5,0,1,0,1,0,0,1,0,1,0,0,1,0,0,1,97.22251118277333,0,1,5.58724865840025,9.170871628065816,7.602478529738037
6,0,1,0,1,1,0,0,0,0,1,1,0,0,0,1,97.53182644842816,0,1,4.553876891600541,8.255568653283746,6.569106762938329
7,0,1,0,1,0,0,0,1,1,0,1,0,0,1,0,97.14801444043322,1,0,5.062595033026967,8.61974977974133,7.077824904364754
8,0,1,0,1,0,0,1,0,1,0,1,0,0,0,1,96.96312364425162,0,1,5.123963979403259,8.61830469278465,7.139193850741047
9,0,1,0,1,0,1,0,0,1,0,1,0,0,1,0,98.53416775169053,0,1,5.855071922202427,10.077818939438902,7.870301793540215
10,0,1,0,1,0,0,1,0,1,0,1,0,0,0,1,98.2051282051282,0,1,4.248495242049359,8.268731832117737,6.263725113387147
11,0,1,0,1,0,0,1,0,1,0,1,0,0,0,1,97.48847926267281,0,1,4.6913478822291435,8.375629627094451,6.706577753566932
12,0,1,0,1,0,0,1,0,1,0,1,0,0,0,1,98.21093121030503,0,1,5.298317366548036,9.321792297270326,7.313547237885825
13,0,1,1,0,1,0,0,0,1,0,1,0,1,0,0,97.57085020242914,0,1,4.736198448394496,8.453827315794417,6.751428319732283
14,0,1,0,1,0,0,1,0,1,0,1,0,0,0,1,99.28721174004193,0,1,2.833213344056216,7.776954403322442,4.849097237654073
15,0,1,1,0,1,0,0,0,1,0,1,0,0,0,1,97.47474747474747,0,1,4.8283137373023015,8.507142855562735,6.843543608640089
16,0,1,1,0,0,1,0,0,0,1,1,0,0,0,1,97.21913236929922,0,1,4.605170185988092,8.18757739559151,6.620563522794163
17,1,0,1,0,1,0,0,0,1,0,1,0,0,0,1,97.83475783475784,1,0,4.330733340286331,8.163371316459912,6.3459632116241185
18,0,1,0,1,1,0,0,0,0,1,1,0,1,0,0,97.27849396357684,0,1,4.890349128221754,8.494333897270154,6.905578999559541
19,0,1,0,1,1,0,0,0,1,0,1,0,0,0,1,98.11475409836066,0,1,4.74493212836325,8.716044050161402,6.760161999701038
20,0,1,0,1,1,0,0,0,0,1,1,0,0,0,1,98.64229765013054,1,0,4.6443908991413725,8.943767262734637,6.659620770479161
21,0,1,0,1,0,1,0,0,1,0,1,0,0,0,1,97.279792746114,0,1,5.752572638825633,9.357034751126987,7.7678025101634205
22,0,1,0,1,1,0,0,0,0,1,1,0,0,1,0,97.4285080913323,1,0,4.7535901911063645,8.414274137408396,6.768820062444153
23,0,1,0,1,0,0,1,0,0,1,1,0,1,0,0,97.87959106399092,1,0,4.718498871295094,8.572060092857077,6.7337287426328825
24,0,1,0,1,0,1,0,0,1,0,1,0,0,1,0,97.72658837699488,0,1,5.017279836814924,8.801168401936692,7.032509708152712
25,0,1,0,1,1,0,0,0,1,0,0,1,0,1,0,98.0020920502092,0,1,5.25227342804663,9.165343006045447,7.267503299384417
26,0,1,0,1,1,0,0,0,1,0,1,0,0,1,0,97.58511480601742,0,1,4.804021044733257,8.527539483470381,6.819250916071044
27,0,1,0,1,0,0,1,0,0,1,1,0,0,0,1,97.91112799088492,0,1,4.700480365792417,8.569026340056254,6.715710237130204
28,0,1,1,0,1,0,0,0,0,1,1,0,0,0,1,97.57281553398059,0,1,3.5553480614894135,7.273786317844895,5.570577932827201
29,1,0,1,0,0,0,1,0,1,0,1,0,0,1,0,97.94273958511916,0,1,4.787491742782046,8.671286726753637,6.802721614119834
30,0,1,0,1,0,1,0,0,1,0,1,0,0,0,1,97.33244857332448,0,1,5.303304908059076,8.927314111060596,7.318534779396863
31,0,1,1,0,1,0,0,0,1,0,1,0,0,0,1,97.66340385222608,0,1,4.30406509320417,8.06054004653864,6.319294964541958
32,0,1,1,0,0,1,0,0,1,0,0,1,1,0,0,97.74083546462063,0,1,4.663439094112067,8.453614209773367,6.678668965449855
33,0,1,0,1,1,0,0,0,1,0,1,0,0,1,0,97.79369072963034,0,1,4.736198448394496,8.550047528287184,6.751428319732283
34,0,1,1,0,0,0,0,1,1,0,1,0,1,0,0,97.93548387096774,0,1,5.768320995793772,9.648595302907339,7.78355086713156
35,0,1,0,1,1,0,0,0,1,0,1,0,0,0,1,97.09811146936896,0,1,4.836281906951478,8.376090350438238,6.851511778289265
36,0,1,0,1,1,0,0,0,1,0,1,0,0,0,1,96.83343888537048,1,0,4.605170185988092,8.057694194815587,6.620400057325879
37,1,0,0,1,1,0,0,0,1,0,1,0,0,1,0,97.19079204057745,0,1,4.969813299576001,8.542080906924017,6.985043170913788
38,0,1,1,0,1,0,0,0,1,0,1,0,0,0,1,98.38255977496485,0,1,5.214935757608986,9.339261152043022,7.230165628946773
39,0,1,1,0,1,0,0,0,0,1,1,0,0,1,0,97.96898079763663,0,1,4.700480365792417,8.59711281459211,6.715710237130204
40,0,1,1,0,1,0,0,0,1,0,1,0,0,0,1,97.77777777777777,0,1,4.382026634673881,8.1886891244442,6.3972565060116695
41,0,1,1,0,1,0,0,0,1,0,1,0,0,0,1,98.44009293063391,0,1,3.8501476017100584,8.0106915391303,5.865377473047847
42,0,1,0,1,1,0,0,0,1,0,1,0,0,0,1,96.875,0,1,4.31748811353631,7.783224016336037,6.332717984874098
43,0,1,0,1,1,0,0,0,1,0,1,0,0,1,0,97.86522223992353,0,1,4.897839799950911,8.744647438317532,6.913069671288699
44,0,1,0,1,1,0,0,0,0,1,0,1,0,0,1,97.95527156549521,0,1,4.564348191467836,8.454253391642363,6.5795780628056235
45,1,0,1,0,1,0,0,0,1,0,1,0,0,0,1,97.41935483870968,0,1,4.477336814478207,8.134467570277563,6.492566685815994
46,0,1,0,1,0,1,0,0,1,0,1,0,0,0,1,99.22110107983714,0,1,3.784189633918261,8.639233817325263,5.799419505256049
47,0,1,0,1,1,0,0,0,1,0,1,0,0,0,1,97.52619824772376,0,1,4.969813299576001,8.669227347271736,6.985043170913788
48,1,0,0,1,1,0,0,0,1,0,1,0,0,0,1,98.02793755135579,1,0,4.787491742782046,8.713582005421628,6.802721614119834
49,1,0,1,0,1,0,0,0,1,0,1,0,0,1,0,97.70517928286853,0,1,4.969813299576001,8.744328763999984,6.985043170913788
50,1,0,0,1,1,0,0,0,0,1,1,0,0,1,0,97.20044792833147,0,1,4.605170185988092,8.18088094199639,6.620400057325879
51,1,0,1,0,1,0,0,0,1,0,1,0,0,1,0,96.11147116007777,0,1,4.787491742782046,8.034631032923107,6.802721614119834
52,1,0,1,0,1,0,0,0,1,0,1,0,0,1,0,97.35224586288416,0,1,4.718498871295094,8.349957272040324,6.7337287426328825
53,0,1,0,1,0,0,1,0,1,0,1,0,0,0,1,97.09705372616985,0,1,4.897839799950911,8.437283808187935,6.913069671288699
54,1,0,0,1,0,1,0,0,1,0,0,1,0,0,1,97.51304347826087,1,0,5.655991810819852,9.350102314351341,7.671221682157641
55,0,1,0,1,0,0,1,0,1,0,1,0,0,1,0,97.49677419354839,0,1,4.574710978503383,8.262300941787448,6.58994084984117
56,0,1,0,1,1,0,0,0,1,0,1,0,0,1,0,97.42143432715552,0,1,4.564348191467836,8.222285073872717,6.5795780628056235
57,0,1,0,1,1,0,0,0,1,0,1,0,1,0,0,97.57455982752425,0,1,4.90527477843843,8.624431942085836,6.920504649776217
58,0,1,0,1,0,1,0,0,1,0,1,0,0,0,1,98.25750242013552,0,1,5.19295685089021,9.242807562113684,7.208186722227998
59,0,1,0,1,0,0,1,0,0,1,1,0,0,0,1,97.68339768339769,0,1,4.969813299576001,8.734881892047483,6.985043170913788
60,0,1,0,1,1,0,0,0,1,0,1,0,0,0,1,98.09402795425667,0,1,4.787491742782046,8.74766979009724,6.802721614119834
61,0,1,0,1,0,0,0,1,1,0,1,0,0,0,1,96.73159458567184,0,1,4.59511985013459,8.015987811027237,6.610349721472378
62,0,1,0,1,1,0,0,0,0,1,0,1,1,0,0,97.2763288213932,1,0,5.10594547390058,8.709134991587183,7.121502302900264
63,0,1,0,1,0,1,0,0,1,0,1,0,1,0,0,97.45197168857432,1,0,4.836281906951478,8.506132244056813,6.851511778289265
64,1,0,1,0,1,0,0,0,1,0,1,0,0,1,0,97.2155544887182,1,0,4.7535901911063645,8.334711621820917,6.768820062444153
65,0,1,0,1,1,0,0,0,1,0,1,0,0,1,0,97.50024222459064,0,1,5.552959584921617,9.241935933565934,7.568189456259405
66,0,1,1,0,1,0,0,0,0,1,1,0,0,0,1,97.6897689768977,1,0,4.836281906951478,8.604104563405533,6.851838735951161
67,0,1,0,1,0,1,0,0,1,0,1,0,0,0,1,97.09767441860465,0,1,5.7430031878094825,9.28266103355581,7.75823305914727
68,0,1,0,1,0,0,0,1,0,1,0,1,0,0,1,98.23943661971832,0,1,4.8283137373023015,8.867850063029406,6.845179467012414
69,1,0,1,0,1,0,0,0,1,0,1,0,0,1,0,96.83720930232558,1,0,4.912654885736052,8.366370301681654,6.92788475707384
70,0,1,0,1,1,0,0,0,1,0,1,0,0,0,1,97.2585272553395,0,1,5.147494476813453,8.744169388750624,7.162724348151241
71,0,1,0,1,0,0,1,0,0,1,0,1,0,1,0,97.41333333333333,0,1,4.574710978503383,8.229511118964457,6.58994084984117
72,0,1,1,0,1,0,0,0,1,0,1,0,0,1,0,97.68571428571428,0,1,4.394449154672439,8.160518247477505,6.40974440899106
73,0,1,0,1,0,0,0,1,0,1,1,0,0,1,0,98.00210304942166,1,0,4.553876891600541,8.46695197497949,6.569106762938329
74,0,1,0,1,0,0,0,1,1,0,0,1,0,1,0,97.34375,0,1,5.231108616854587,8.859363449152088,7.246338488192374
75,0,1,1,0,1,0,0,0,1,0,1,0,0,0,1,96.98666666666666,0,1,4.727387818712341,8.229511118964457,6.742535967335254
76,0,1,1,0,1,0,0,0,1,0,1,0,0,0,1,97.92941176470589,0,1,5.170483995038151,9.047821442478408,7.18571386637594
77,0,1,0,1,0,1,0,0,1,0,0,1,0,0,1,97.26504226752859,0,1,4.700480365792417,8.299534570332597,6.715710237130204
78,0,1,0,1,0,0,0,1,1,0,1,0,0,1,0,97.48848890749268,1,0,5.19295685089021,8.877242435993919,7.208252105208832
79,0,1,0,1,0,0,0,1,0,1,0,1,0,1,0,97.63593380614657,0,1,4.867534450455582,8.612321536507814,6.8827643217933705
80,1,0,1,0,1,0,0,0,1,0,1,0,0,1,0,97.11388455538221,0,1,4.709530201312334,8.254788926148725,6.724760072650122
81,0,1,0,1,0,1,0,0,1,0,0,1,0,1,0,94.73903966597076,0,1,4.836281906951478,7.781138509845015,6.851511778289265
82,1,0,0,1,0,0,1,0,1,0,1,0,0,0,1,94.87572875115066,0,1,5.117993812416755,8.089175678837561,7.133223683754543
83,0,1,0,1,1,0,0,0,1,0,1,0,0,1,0,96.7878787878788,0,1,5.579729825986222,9.017968479328726,7.59495969732401
84,0,1,0,1,0,1,0,0,1,0,1,0,0,0,1,98.74623871614845,0,1,3.912023005428146,8.291045131081729,5.927416342234218
85,0,1,1,0,1,0,0,0,1,0,1,0,0,1,0,97.22278946293649,0,1,4.912654885736052,8.496378051702317,6.92788475707384
86,0,1,0,1,0,0,1,0,0,1,1,0,0,1,0,98.14363397712357,0,1,4.59511985013459,8.581669210600602,6.610349721472378
87,0,1,0,1,1,0,0,0,1,0,1,0,0,1,0,97.74794283239497,0,1,4.6443908991413725,8.43771698991444,6.659620770479161
88,0,1,1,0,1,0,0,0,1,0,1,0,0,0,1,97.54844734998832,0,1,5.3471075307174685,9.055556158175316,7.362337402055257
89,0,1,0,1,1,0,0,0,1,0,1,0,0,1,0,98.22551206651795,0,1,5.1647859739235145,9.196444266784072,7.180015845261302
90,0,1,0,1,1,0,0,0,1,0,1,0,0,1,0,97.76374189143053,0,1,4.875197323201151,8.675563527387679,6.8904271945389395
91,0,1,0,1,0,0,1,0,1,0,1,0,0,1,0,98.42069892473118,0,1,5.236441962829949,9.384629757072872,7.2519987918296325
92,0,1,0,1,0,0,1,0,0,1,1,0,0,0,1,98.40958177891224,0,1,4.394449154672439,8.535622326884605,6.4096790260102265
93,0,1,1,0,1,0,0,0,1,0,1,0,0,1,0,97.04814904427776,0,1,4.804021044733257,8.326758814511733,6.819250916071044
94,0,1,1,0,1,0,0,0,0,1,1,0,0,1,0,99.30939226519338,0,1,3.2188758248682006,8.194229304819817,5.234759718466058
95,0,1,1,0,1,0,0,0,1,0,1,0,0,0,1,98.14214096136833,0,1,4.836281906951478,8.822027322685583,6.851511778289265
96,1,0,0,1,1,0,0,0,1,0,1,0,0,1,0,97.13748432929378,0,1,4.919980925828125,8.47345026846832,6.9352107971659125
97,0,1,0,1,1,0,0,0,1,0,1,0,0,1,0,98.31876260928043,0,1,3.912023005428146,7.9976631270201,5.927252876765934
98,0,1,0,1,1,0,0,0,0,1,1,0,0,1,0,97.25405921680994,0,1,4.74493212836325,8.339978571990427,6.760488957362933
99,0,1,0,1,1,0,0,0,1,0,1,0,0,1,0,97.52830188679246,0,1,4.875197323201151,8.575462099540212,6.8904271945389395
100,0,1,0,1,0,0,1,0,0,1,1,0,0,0,1,98.23864388822673,0,1,4.890349128221754,8.929435283803425,6.905905957221437
101,0,1,1,0,1,0,0,0,1,0,1,0,0,1,0,98.25413342582956,0,1,5.017279836814924,9.065198986306513,7.032509708152712
102,0,1,0,1,0,0,0,0,1,0,1,0,0,0,1,99.07692307692308,0,1,4.836281906951478,9.521494800613105,6.851511778289265
103,0,1,0,1,1,0,0,0,1,0,1,0,0,1,0,98.46994535519126,0,1,4.836281906951478,9.016148642611741,6.851511778289265
104,0,1,0,1,0,0,0,0,1,0,1,0,0,0,1,96.49890590809628,0,1,5.075173815233827,8.42726848388825,7.090403686571615
105,0,1,0,1,0,1,0,0,1,0,1,0,0,0,1,97.5502204801568,0,1,4.605170185988092,8.31434234336979,6.620400057325879
106,0,1,0,1,0,0,1,0,1,0,1,0,0,0,1,98.20617077254245,0,1,5.41610040220442,9.436918020024674,7.4313302735422075
107,0,1,1,0,1,0,0,0,0,1,1,0,1,0,0,98.36356198009001,0,1,4.787491742782046,8.9001399880938,6.802721614119834
108,0,1,0,1,0,0,1,0,1,0,1,0,0,0,1,97.08108108108108,1,0,5.375278407684165,8.909235279192261,7.390508279021953
109,0,1,0,1,0,0,0,1,0,1,1,0,0,1,0,96.67256637168141,0,1,4.543294782270004,7.946263643580541,6.558442930892918
110,0,1,1,0,1,0,0,0,1,0,1,0,0,0,1,97.44168547780286,0,1,4.912654885736052,8.578476419833136,6.92788475707384
111,1,0,0,1,1,0,0,0,1,0,1,0,0,1,0,97.35841885214748,0,1,4.9344739331306915,8.568266461600238,6.94970380446848
112,0,1,0,1,1,0,0,0,0,1,1,0,1,0,0,98.02237835024721,1,0,5.0238805208462765,8.94715577112479,7.039110392184064
113,1,0,1,0,0,1,0,0,1,0,0,1,0,1,0,98.30895181854784,0,1,4.836281906951478,8.916103530553727,6.851511778289265
114,0,1,1,0,1,0,0,0,1,0,1,0,0,1,0,97.66336633663366,0,1,4.770684624465665,8.527143522269405,6.7859144958034525
115,0,1,0,1,0,1,0,0,1,0,1,0,1,0,0,98.73139957484742,0,1,5.220355825078324,9.587611745713565,7.2359126540780085
116,1,0,0,1,1,0,0,0,1,0,1,0,0,1,0,97.17431192660551,0,1,5.0369526024136295,8.60337088765729,7.052182473751417
117,0,1,0,1,0,1,0,0,1,0,1,0,0,0,1,97.64673311184939,0,1,4.442651256490317,8.192016914536875,6.457881127828104
118,0,1,0,1,1,0,0,0,1,0,1,0,1,0,0,97.73022049286641,0,1,5.1647859739235145,8.950273466557375,7.180015845261302
119,1,0,1,0,1,0,0,0,1,0,1,0,0,0,1,97.51152959262106,0,1,5.556828061699537,9.250330020192342,7.572057933037326
120,0,1,0,1,0,0,0,0,1,0,1,0,1,0,0,97.8401727861771,0,1,5.19295685089021,9.0280988119824,7.208186722227998
121,1,0,1,0,1,0,0,0,1,0,1,0,0,1,0,98.94383101296206,0,1,3.784189633918261,8.334711621820917,5.799419505256049
122,1,0,1,0,1,0,0,0,1,0,1,0,0,1,0,98.76765314383377,1,0,4.919980925828125,9.316230747233615,6.9352107971659125
123,0,1,0,1,0,0,1,0,1,0,1,0,0,1,0,97.26073723368278,0,1,4.394449154672439,7.9919305198524775,6.4096790260102265
124,0,1,0,1,1,0,0,0,0,1,1,0,1,0,0,96.92746278112132,0,1,5.267858159063328,8.750524669117937,7.283088030401116
125,1,0,1,0,1,0,0,0,1,0,1,0,1,0,0,97.48104008667389,0,1,4.532599493153256,8.213923595622743,6.547829364491044
126,0,1,0,1,0,0,0,1,1,0,1,0,1,0,0,98.44557408729993,0,1,5.91350300563827,10.077566902136047,7.928732876976058
127,0,1,1,0,1,0,0,0,1,0,1,0,1,0,0,97.71117166212534,0,1,4.836281906951478,8.61341204915678,6.851511778289265
128,0,1,0,1,0,1,0,0,1,0,0,1,0,0,1,98.88602659611502,1,0,5.075173815233827,9.572410734431823,7.090730644233511
129,0,1,0,1,1,0,0,0,1,0,1,0,1,0,0,97.89571048676147,0,1,5.204006687076795,9.065198986306513,7.2192365584145834
130,0,1,1,0,1,0,0,0,1,0,0,1,0,0,1,96.77675295051075,0,1,6.476972362889683,9.91175329695316,8.492120511512596
131,0,1,1,0,1,0,0,0,1,0,1,0,0,0,1,98.12325640375349,0,1,4.30406509320417,8.279697133877628,6.319294964541958
132,0,1,1,0,1,0,0,0,1,0,1,0,0,1,0,97.42457689477557,0,1,4.248495242049359,7.907651594711089,6.263725113387147
133,0,1,0,1,1,0,0,0,1,0,0,1,0,1,0,99.27724775946805,0,1,3.2188758248682006,8.148734808937169,5.234759718466058
134,0,1,1,0,1,0,0,0,1,0,1,0,0,1,0,97.91624106230847,0,1,4.624972813284271,8.49596955496461,6.640202684622059
135,0,1,0,1,0,0,0,1,1,0,1,0,0,1,0,97.53191489361703,0,1,5.66988092298052,9.371608519572305,7.685110794318307
136,1,0,0,1,1,0,0,0,1,0,1,0,1,0,0,98.16713942832206,0,1,4.430816798843313,8.430109084509125,6.446046670181102
137,0,1,0,1,0,0,1,0,1,0,0,1,0,0,1,98.70892018779342,0,1,4.477336814478207,8.827028068509152,6.492566685815994
138,0,1,1,0,1,0,0,0,1,0,1,0,0,1,0,98.38655910394026,1,0,5.488937726156687,9.61573881119536,7.504167597494474
139,0,1,0,1,0,0,1,0,0,1,1,0,1,0,0,97.70870337477797,0,1,4.859812404361672,8.635864721133736,6.87504227569946
140,0,1,0,1,0,0,1,0,1,0,1,0,1,0,0,97.40350877192982,0,1,5.220355825078324,8.871365005136852,7.235585696416113
141,0,1,1,0,1,0,0,0,1,0,1,0,0,0,1,96.89865239062212,0,1,5.123963979403259,8.597297435657898,7.139193850741047
142,0,1,1,0,1,0,0,0,1,0,0,1,0,1,0,97.48201438848922,0,1,5.1647859739235145,8.846496938558838,7.180342802923198
143,0,1,0,1,1,0,0,0,1,0,1,0,0,1,0,97.4218089602705,0,1,4.804021044733257,8.462103225098277,6.819250916071044
144,0,1,0,1,0,0,1,0,1,0,1,0,0,0,1,98.40945819511781,0,1,5.231108616854587,9.372204086867741,7.24666544585427
145,1,0,0,1,1,0,0,0,1,0,1,0,0,1,0,98.53286384976526,0,1,4.605170185988092,8.827028068509152,6.620400057325879
146,1,0,0,1,0,0,1,0,1,0,1,0,0,0,1,99.52912686667563,0,1,4.248495242049359,9.60683200528524,6.263725113387147
147,0,1,0,1,0,1,0,0,1,0,1,0,0,0,1,98.98751265609181,0,1,3.4011973816621555,7.993957547573565,5.416427252999943
148,1,0,1,0,1,0,0,0,1,0,1,0,1,0,0,98.0713183610492,0,1,5.41610040220442,9.364433907313582,7.4313302735422075
149,0,1,0,1,1,0,0,0,1,0,1,0,0,1,0,97.80316344463972,0,1,4.8283137373023015,8.646465527120377,6.843543608640089
150,0,1,1,0,1,0,0,0,1,0,1,0,1,0,0,98.12012107694758,1,0,4.770684624465665,8.744647438317532,6.7859144958034525
151,0,1,0,1,1,0,0,0,1,0,0,1,1,0,0,97.5975975975976,0,1,5.0238805208462765,8.752581469146884,7.039110392184064
152,0,1,1,0,1,0,0,0,1,0,1,0,0,0,1,97.3379882173249,0,1,5.497168225293202,9.123256265069069,7.51239809663099
153,0,1,0,1,0,0,1,0,0,1,1,0,1,0,0,95.04603244191145,0,1,4.727387818712341,7.732369222284388,6.742617690050128
154,0,1,1,0,1,0,0,0,1,0,1,0,0,0,1,98.46342962507683,0,1,3.912023005428146,8.087640287778983,5.927252876765934
155,0,1,0,1,0,0,0,1,1,0,1,0,0,1,0,98.49996249906248,1,0,6.396929655216146,10.596609732783568,8.41248648421583
156,0,1,0,1,0,1,0,0,1,0,1,0,1,0,0,97.33333333333334,0,1,5.075173815233827,8.699514748210191,7.090403686571615
157,0,1,0,1,0,1,0,0,1,0,1,0,0,0,1,98.03942126231915,0,1,5.231108616854587,9.16303909885817,7.246338488192374
158,0,1,1,0,1,0,0,0,1,0,1,0,1,0,0,97.62986371716373,0,1,4.787491742782046,8.529714471969909,6.802721614119834
159,0,1,0,1,1,0,0,0,1,0,1,0,0,1,0,97.50195924764891,0,1,5.541263545158426,9.23092700558457,7.556493416496214
160,0,1,0,1,1,0,0,0,0,1,1,0,0,1,0,96.62534435261708,0,1,4.584967478670572,7.973844375944687,6.60019735000836
161,0,1,0,1,1,0,0,0,1,0,1,0,0,0,1,96.5334677927644,0,1,5.616771097666572,8.978786553302003,7.632000969004359
162,0,1,0,1,0,1,0,0,1,0,1,0,0,1,0,97.2304875257496,1,0,4.795790545596741,8.382289428951436,6.811020416934529
163,0,1,0,1,0,0,1,0,1,0,1,0,1,0,0,97.18560741004632,0,1,5.062595033026967,8.633018756921828,7.077824904364754
164,0,1,0,1,1,0,0,0,1,0,1,0,0,0,1,99.19553791697952,0,1,4.31748811353631,9.140239744296693,6.333044942535994
165,0,1,0,1,1,0,0,0,1,0,1,0,1,0,0,97.35195693292594,0,1,5.204006687076795,8.835355971121606,7.2192365584145834
166,1,0,0,1,1,0,0,0,1,0,1,0,1,0,0,97.55618590442941,0,1,4.718498871295094,8.430109084509125,6.7337287426328825
167,0,1,0,1,1,0,0,0,1,0,1,0,1,0,0,97.76507276507277,0,1,4.859812404361672,8.660773919893762,6.87504227569946
168,0,1,1,0,1,0,0,0,1,0,1,0,0,1,0,97.18372820742064,1,0,4.143134726391533,7.71289096149013,6.1582828750144465
169,0,1,0,1,0,0,1,0,1,0,1,0,0,1,0,97.5,0,1,5.298317366548036,8.987196820661973,7.313547237885825
170,0,1,0,1,1,0,0,0,0,1,1,0,1,0,0,97.353023126219,0,1,4.553876891600541,8.185628891147607,6.569106762938329
171,0,1,0,1,0,0,0,1,1,0,1,0,0,0,1,98.6476827077256,0,1,6.551080335043404,10.854430887309706,8.566375589362027
172,0,1,0,1,0,0,0,1,0,1,1,0,1,0,0,97.70017035775128,0,1,4.394449154672439,8.166784289056151,6.410005983672122
173,0,1,0,1,1,0,0,0,1,0,1,0,0,1,0,98.34995146916086,0,1,5.231108616854587,9.335474102732949,7.246338488192374
174,0,1,0,1,1,0,0,0,0,1,0,1,0,1,0,98.28740157480314,0,1,4.465908118654584,8.533066540572527,6.481137989992371
175,0,1,0,1,1,0,0,0,1,0,1,0,1,0,0,97.87584691448453,0,1,4.7535901911063645,8.605387202152153,6.768820062444153
176,0,1,0,1,0,0,1,0,1,0,1,0,1,0,0,97.24344978165938,0,1,4.61512051684126,8.20631072579402,6.630350388179047
177,0,1,0,1,0,0,0,1,1,0,1,0,0,1,0,97.05637488106565,1,0,6.20455776256869,9.730086093116732,8.219787633906478
178,0,1,0,1,0,1,0,0,1,0,1,0,0,1,0,96.90666666666667,0,1,4.7535901911063645,8.229511118964457,6.768820062444153
179,0,1,1,0,1,0,0,0,0,1,1,0,0,0,1,97.3044397463002,1,0,4.624972813284271,8.238536930171769,6.640120961907185
180,0,1,0,1,0,1,0,0,1,0,1,0,0,0,1,98.68131868131869,1,0,5.19295685089021,9.521494800613105,7.208186722227998
181,0,1,1,0,1,0,0,0,1,0,1,0,1,0,0,99.03997707407937,0,1,4.204692619390966,8.850660919017152,6.219922490728754
182,0,1,0,1,1,0,0,0,1,0,1,0,0,1,0,98.41304347826086,0,1,4.290459441148391,8.433811582477187,6.306016270148075
183,0,1,0,1,0,1,0,0,1,0,1,0,0,1,0,99.23181469006678,0,1,5.560681631015528,10.429576102968031,7.575911502353316
184,1,0,0,1,1,0,0,0,1,0,1,0,0,1,0,97.0206896551724,0,1,4.68213122712422,8.195609567288775,6.697361098462007
185,0,1,0,1,1,0,0,0,1,0,0,1,0,1,0,99.72663279950794,0,1,4.787491742782046,10.689601259598334,6.802721614119834
186,0,1,0,1,0,1,0,0,1,0,0,1,1,0,0,96.96969696969697,1,0,4.189654742026425,7.686162303492906,6.2049499963450465
187,0,1,0,1,1,0,0,0,1,0,1,0,1,0,0,98.71709798717097,0,1,4.060443010546419,8.416488487294606,6.075672881884207
188,0,1,0,1,1,0,0,0,1,0,0,1,1,0,0,97.18592964824121,0,1,5.123963979403259,8.694502206386648,7.139193850741047
189,0,1,0,1,1,0,0,0,1,0,1,0,1,0,0,97.98456260720411,0,1,5.236441962829949,9.140775908590273,7.2519987918296325
190,0,1,1,0,1,0,0,0,0,1,1,0,1,0,0,99.0174002047083,0,1,3.871201010907891,8.493924564476883,5.886430882245679
191,0,1,1,0,1,0,0,0,1,0,1,0,0,1,0,98.63333333333333,0,1,5.099866427824199,9.392661928770137,7.115096299161986
192,0,1,0,1,1,0,0,0,0,1,1,0,0,0,1,97.34791977457317,0,1,5.075173815233827,8.704999678440762,7.090403686571615
193,0,1,1,0,1,0,0,0,1,0,1,0,0,1,0,98.0300673924313,0,1,4.330733340286331,8.257904193465674,6.3459632116241185
194,0,1,1,0,1,0,0,0,1,0,1,0,1,0,0,97.13672154617036,0,1,4.787491742782046,8.340694647925071,6.802721614119834
195,0,1,0,1,0,1,0,0,1,0,1,0,0,1,0,97.02172389628592,0,1,5.135798437050262,8.649623978596727,7.1510283083880495
196,0,1,1,0,1,0,0,0,1,0,1,0,1,0,0,98.45237109989242,0,1,5.231108616854587,9.399554785027307,7.246338488192374
197,1,0,1,0,1,0,0,0,0,1,1,0,0,0,1,97.19101123595506,0,1,4.787491742782046,8.35983738064003,6.802721614119834
198,1,0,0,1,1,0,0,0,1,0,1,0,0,1,0,98.18677792041079,0,1,4.727387818712341,8.737452587550584,6.742617690050128
199,0,1,1,0,1,0,0,0,1,0,0,1,0,0,1,99.24545454545455,0,1,4.418840607796598,9.305650551780507,6.434070479134386
200,0,1,0,1,0,1,0,0,0,1,1,0,0,1,0,98.23529411764706,0,1,4.499809670330265,8.536995818712418,6.515039541668052
201,0,1,1,0,0,0,1,0,1,0,1,0,0,1,0,96.6280723136299,1,0,5.111987788356544,8.5016733797582,7.127217659694331
202,0,1,0,1,0,0,0,1,0,1,1,0,0,0,1,96.84368737474949,0,1,4.836281906951478,8.292047637431354,6.851838735951161
203,0,1,0,1,0,1,0,0,0,1,1,0,0,0,1,97.05433122408903,0,1,4.90527477843843,8.430109084509125,6.920504649776217
204,0,1,0,1,0,0,1,0,0,1,1,0,0,1,0,96.83431197344908,0,1,4.820281565605037,8.27308133366583,6.8355114369428245
205,1,0,1,0,1,0,0,0,0,1,1,0,0,1,0,97.27767695099818,0,1,4.787491742782046,8.391176350832751,6.802721614119834
206,1,0,1,0,1,0,0,0,1,0,1,0,0,0,1,97.53390875462392,0,1,4.382026634673881,8.084562415235304,6.3972565060116695
207,0,1,1,0,1,0,0,0,0,1,1,0,1,0,0,99.15462649861666,0,1,4.007333185232471,8.780480107033297,6.022563056570259
208,0,1,1,0,1,0,0,0,1,0,1,0,0,0,1,97.62000806776926,0,1,4.07753744390572,7.8156105320351905,6.092767315243507
209,0,1,1,0,1,0,0,0,1,0,1,0,0,1,0,96.28437682855471,0,1,4.844187086458591,8.136810863675537,6.8594169577963795
210,1,0,1,0,1,0,0,0,1,0,1,0,0,1,0,97.86,0,1,5.365976015021851,9.210340371976184,7.3812058863596395
211,0,1,0,1,0,0,0,1,1,0,1,0,0,1,0,97.26495726495726,1,0,4.852030263919617,8.451053388911692,6.867260135257405
212,0,1,0,1,0,1,0,0,1,0,0,1,0,0,1,96.91794015667138,0,1,5.480638923341991,8.960210955576986,7.495868794679779
213,0,1,0,1,0,0,0,1,0,1,0,1,1,0,0,97.72049798351745,0,1,4.867534450455582,8.648747631156539,6.8827643217933705
214,0,1,0,1,1,0,0,0,1,0,1,0,0,0,1,97.78818211172103,0,1,4.919980925828125,8.731336360533149,6.9352107971659125
215,0,1,0,1,0,0,0,1,0,1,1,0,0,1,0,97.93089178564038,0,1,4.605170185988092,8.483222671845084,6.620400057325879
216,0,1,0,1,1,0,0,0,1,0,1,0,1,0,0,93.07692307692308,0,1,4.90527477843843,7.575584651557793,6.920504649776217
217,0,1,0,1,1,0,0,0,1,0,1,0,0,1,0,97.61904761904762,0,1,4.875197323201151,8.61286694148452,6.8904271945389395
218,0,1,0,1,0,0,1,0,1,0,1,0,0,1,0,98.56,1,0,4.276666119016055,8.517193191416238,6.291895990353843
219,1,0,0,1,0,0,1,0,1,0,1,0,0,1,0,98.0948094809481,0,1,4.844187086458591,8.804775258867686,6.8594169577963795
220,0,1,0,1,1,0,0,0,1,0,1,0,0,0,1,97.29851418280055,1,0,4.0943445622221,7.7057128238944275,6.109574433559889
221,0,1,0,1,0,0,1,0,1,0,1,0,0,1,0,97.97415298637793,0,1,4.7535901911063645,8.65277248565806,6.768820062444153
222,0,1,1,0,1,0,0,0,1,0,1,0,0,1,0,97.500867754252,0,1,4.969813299576001,8.659039915644474,6.985043170913788
223,0,1,0,1,1,0,0,0,1,0,1,0,0,1,0,97.96227293898463,0,1,5.1647859739235145,9.058121158998672,7.180015845261302
224,0,1,0,1,1,0,0,0,1,0,1,0,0,1,0,97.952,0,1,4.852030263919617,8.740336742730447,6.867260135257405
225,0,1,0,1,1,0,0,0,1,0,1,0,1,0,0,94.76923076923077,0,1,5.135798437050262,8.086410275323782,7.1510283083880495
226,0,1,0,1,0,0,0,0,0,1,0,1,0,0,1,97.08553326293558,0,1,4.927253685157205,8.462737005620179,6.9424835564949925
227,0,1,0,1,0,0,1,0,1,0,1,0,0,1,0,97.3568281938326,0,1,5.3471075307174685,8.980298078970817,7.362337402055257
228,0,1,0,1,0,0,0,0,1,0,1,0,0,1,0,96.67927700714586,0,1,5.062595033026967,8.467582690862903,7.077743181649881
229,0,1,1,0,1,0,0,0,1,0,0,1,1,0,0,96.875,0,1,5.298317366548036,8.764053269347762,7.313547237885825
230,0,1,0,1,0,1,0,0,1,0,1,0,0,1,0,97.71177117711771,0,1,4.6443908991413725,8.421783006611578,6.659620770479161
231,0,1,0,1,1,0,0,0,1,0,1,0,1,0,0,98.8697524219591,0,1,3.7376696182833684,8.22040309993373,5.753226447283052
232,0,1,1,0,1,0,0,0,0,1,1,0,1,0,0,97.92638672887507,0,1,4.787491742782046,8.663369301573839,6.802721614119834
233,1,0,1,0,1,0,0,0,1,0,1,0,0,1,0,96.63986559462379,0,1,5.634789603169249,9.027978814382207,7.650019474507038
234,0,1,0,1,0,1,0,0,1,0,1,0,0,1,0,97.16254560194568,0,1,4.941642422609304,8.503905297089302,6.956872293947092
235,0,1,0,1,0,1,0,0,1,0,1,0,1,0,0,97.48520710059172,0,1,5.135798437050262,8.81877816903701,7.1510283083880495
236,0,1,0,1,1,0,0,0,1,0,1,0,0,0,1,95.56213017751479,0,1,5.541263545158426,8.656259239539235,7.556493416496214
237,1,0,1,0,1,0,0,0,1,0,0,1,0,0,1,96.4770430262778,0,1,4.804021044733257,8.149890544402423,6.819250916071044
238,1,0,1,0,0,1,0,0,1,0,1,0,1,0,0,97.06190975865687,0,1,4.718498871295094,8.245909264774093,6.7337287426328825
239,0,1,0,1,0,1,0,0,1,0,1,0,0,1,0,97.10407239819004,0,1,4.564348191467836,8.106212902619962,6.5795780628056235
240,0,1,0,1,0,0,1,0,1,0,1,0,1,0,0,98.89084018855718,0,1,4.787491742782046,9.289059126687574,6.802721614119834
241,0,1,0,1,0,1,0,0,0,1,1,0,0,0,1,96.88404184286668,0,1,4.941642422609304,8.41027590907016,6.957199251608988
242,0,1,1,0,1,0,0,0,1,0,1,0,0,0,1,98.21140087699054,0,1,5.043425116919247,9.067162602299854,7.060290846629361
243,0,1,0,1,0,0,1,0,1,0,0,1,1,0,0,98.56953642384106,0,1,4.68213122712422,8.92930284224307,6.697361098462007
244,0,1,0,1,1,0,0,0,0,1,1,0,0,1,0,98.42771315352167,0,1,4.812184355372417,8.96482339168508,6.827414226710205
245,0,1,1,0,1,0,0,0,1,0,0,1,0,0,1,98.84426466339208,0,1,4.787491742782046,9.247925132303454,6.80304857178173
246,0,1,0,1,0,0,1,0,1,0,1,0,0,0,1,98.84571781923115,0,1,4.718498871295094,9.1801903950253,6.7337287426328825
247,0,1,0,1,0,1,0,0,0,1,1,0,0,0,1,97.9267554479419,0,1,4.919980925828125,8.796036315200814,6.935537754827808
248,0,1,0,1,0,1,0,0,1,0,1,0,0,1,0,97.39682539682539,0,1,4.812184355372417,8.460622839927844,6.827332503995331
249,0,1,0,1,1,0,0,0,1,0,1,0,0,0,1,97.55235246124559,0,1,4.499809670330265,8.209852481301272,6.515039541668052
250,0,1,0,1,1,0,0,0,0,1,1,0,0,1,0,96.38359121986326,1,0,5.303304908059076,8.62299361030245,7.318534779396863
251,1,0,1,0,0,0,1,0,1,0,1,0,0,0,1,95.97315436241611,0,1,4.927253685157205,8.139440521874608,6.9424835564949925
252,0,1,1,0,1,0,0,0,0,1,0,1,1,0,0,97.81052631578947,0,1,4.6443908991413725,8.465899897028686,6.659620770479161
253,0,1,0,1,0,1,0,0,0,1,1,0,0,1,0,97.1419791026429,0,1,5.631211781821365,9.186252576447092,7.6467686108210495
254,0,1,1,0,1,0,0,0,1,0,0,1,0,0,1,98.81846153846155,1,0,5.2574953720277815,9.695848187757884,7.272725243365569
255,1,0,1,0,0,0,0,1,1,0,1,0,1,0,0,91.72883554978917,0,1,5.541263545158426,8.03365842788615,7.556493416496214
256,0,1,1,0,1,0,0,0,0,1,1,0,1,0,0,98.09760132340777,1,0,4.74493212836325,8.706986763048892,6.760161999701038
257,0,1,0,1,0,0,0,1,1,0,1,0,0,0,1,98.20952380952382,0,1,4.543294782270004,8.565983355585669,6.558524653607792
258,0,1,0,1,1,0,0,0,1,0,1,0,1,0,0,98.18864326997557,0,1,5.717027701406222,9.72812174830818,7.732257572744009
259,0,1,0,1,0,0,0,1,0,1,1,0,0,1,0,97.40417765159197,0,1,4.852030263919617,8.503297086224126,6.867260135257405
260,0,1,0,1,0,1,0,0,1,0,1,0,0,0,1,96.80634859189006,0,1,5.799092654460526,9.243097936214355,7.814322525798314
261,0,1,1,0,1,0,0,0,1,0,1,0,0,1,0,96.86109159053643,0,1,4.897839799950911,8.359134886757962,6.913069671288699
262,1,0,1,0,0,1,0,0,1,0,1,0,0,1,0,95.54725653547831,0,1,5.043425116919247,8.15507488781144,7.061601462806481
263,1,0,1,0,1,0,0,0,1,0,1,0,1,0,0,98.33333333333333,0,1,4.787491742782046,8.881836305004146,6.802721614119834
264,0,1,1,0,1,0,0,0,1,0,0,1,0,1,0,97.5222609368951,0,1,4.852030263919617,8.549853973655786,6.867260135257405
265,0,1,1,0,1,0,0,0,1,0,1,0,1,0,0,97.99787854680456,0,1,5.017279836814924,8.928242677818302,7.032509708152712
266,0,1,0,1,0,0,1,0,1,0,1,0,0,1,0,97.53896636587368,0,1,5.0106352940962555,8.715224041915372,7.025865165434044
267,0,1,0,1,0,0,0,1,1,0,1,0,0,0,1,97.39583333333334,1,0,5.075173815233827,8.723231274827508,7.090403686571615
268,1,0,1,0,1,0,0,0,1,0,1,0,1,0,0,96.05032182562903,0,1,4.90527477843843,8.136810863675537,6.920504649776217
269,1,0,1,0,0,1,0,0,1,0,1,0,0,0,1,97.97114517583408,0,1,4.499809670330265,8.397508348470257,6.515039541668052
270,1,0,1,0,1,0,0,0,1,0,1,0,0,0,1,99.07321594068583,0,1,3.4011973816621555,8.082402253926244,5.416427252999943
271,0,1,0,1,1,0,0,0,1,0,1,0,0,0,1,98.77983132962498,0,1,4.912654885736052,9.318835968129482,6.92788475707384
272,0,1,1,0,1,0,0,0,1,0,1,0,1,0,0,97.3134328358209,0,1,4.836281906951478,8.453187861440325,6.851511778289265
273,0,1,0,1,1,0,0,0,1,0,1,0,0,1,0,96.90274623167458,0,1,5.0106352940962555,8.48528964240323,7.025865165434044
274,0,1,0,1,0,0,1,0,1,0,1,0,0,1,0,97.6923076923077,0,1,4.499809670330265,8.268731832117737,6.515039541668052
275,0,1,0,1,0,1,0,0,1,0,1,0,0,1,0,97.49564459930313,0,1,4.74493212836325,8.432070937999402,6.760161999701038
276,0,1,0,1,1,0,0,0,1,0,1,0,0,1,0,97.15150681161414,0,1,5.332718793265369,8.891098830616636,7.347948664603157
277,0,1,0,1,1,0,0,0,1,0,1,0,0,0,1,98.18305700658641,0,1,4.382026634673881,8.390041405755754,6.3972565060116695
278,0,1,0,1,1,0,0,0,1,0,1,0,0,1,0,97.01021737639718,0,1,6.077642243349034,9.587611745713565,8.092872114686822
279,1,0,0,1,1,0,0,0,0,1,1,0,1,0,0,96.97560975609755,0,1,4.820281565605037,8.318742252692399,6.8355114369428245
280,0,1,1,0,0,1,0,0,0,1,0,1,0,0,1,97.56135206050315,1,0,5.062595033026967,8.776321456449958,7.077824904364754
281,0,1,0,1,1,0,0,0,1,0,1,0,0,1,0,97.63063253649248,0,1,4.718498871295094,8.461046030793236,6.7337287426328825
282,0,1,0,1,0,0,1,0,1,0,1,0,0,0,1,97.6268711120384,0,1,4.356708826689592,8.097669722345216,6.372265655689275
283,1,0,1,0,1,0,0,0,1,0,1,0,0,0,1,98.44693701466781,0,1,3.9889840465642745,8.153925132007862,6.004213917902062
284,0,1,0,1,1,0,0,0,1,0,1,0,1,0,0,99.39033241399332,0,1,4.836281906951478,9.936293504261306,6.851511778289265
285,0,1,1,0,1,0,0,0,1,0,1,0,1,0,0,98.5670584446949,0,1,4.48863636973214,8.734077192559303,6.503866241069928
286,1,0,1,0,1,0,0,0,1,0,0,1,0,1,0,97.70674079221682,0,1,4.59511985013459,8.370315995555478,6.610415104453211
287,0,1,0,1,1,0,0,0,1,0,1,0,1,0,0,97.89621318373072,0,1,4.787491742782046,8.648922962094131,6.802721614119834
288,1,0,1,0,1,0,0,0,1,0,1,0,0,1,0,97.21144519883607,0,1,4.74493212836325,8.32457884513685,6.760161999701038
289,0,1,1,0,1,0,0,0,1,0,1,0,1,0,0,98.03323517038284,0,1,5.231108616854587,9.159888828480085,7.246338488192374
290,0,1,0,1,1,0,0,0,1,0,1,0,1,0,0,97.4685849572027,0,1,4.9344739331306915,8.610865667278873,6.94970380446848
291,0,1,0,1,0,0,1,0,1,0,1,0,0,1,0,97.11363636363637,1,0,4.844187086458591,8.389359819906353,6.8594169577963795
292,0,1,0,1,0,0,1,0,1,0,1,0,0,0,1,97.15680033948652,0,1,4.897839799950911,8.45807992692373,6.913069671288699
293,1,0,1,0,0,0,0,0,1,0,1,0,0,0,1,97.36016245154144,1,0,4.962844630259907,8.597297435657898,6.977992778882821
294,0,1,0,1,1,0,0,0,1,0,1,0,0,1,0,96.99142907119118,0,1,5.147494476813453,8.651199471263972,7.162724348151241
295,0,1,0,1,0,0,0,1,1,0,1,0,0,0,1,98.05859512883869,0,1,4.700480365792417,8.642238680390461,6.715710237130204
296,0,1,0,1,0,1,0,0,1,0,1,0,0,1,0,97.0909090909091,0,1,5.298317366548036,8.835646922534773,7.313547237885825
297,1,0,0,1,0,1,0,0,1,0,1,0,0,0,1,97.10672953279041,0,1,4.90527477843843,8.448057452581375,6.920504649776217
298,1,0,1,0,1,0,0,0,1,0,1,0,1,0,0,97.99761304866729,0,1,5.017279836814924,8.928110078202646,7.032427985437838
299,0,1,0,1,0,1,0,0,1,0,1,0,0,0,1,97.71208746709861,0,1,4.727387818712341,8.504918160540624,6.742617690050128
300,0,1,0,1,1,0,0,0,0,1,1,0,0,0,1,98.03548795944234,1,0,4.532599493153256,8.46252579007393,6.547829364491044
301,0,1,0,1,0,0,0,0,0,1,1,0,0,1,0,97.72972972972973,0,1,4.653960350157523,8.439231649946526,6.669190221495311
302,1,0,1,0,1,0,0,0,1,0,1,0,1,0,0,97.36,0,1,4.882801922586371,8.517193191416238,6.898031793924159
303,0,1,0,1,0,1,0,0,1,0,1,0,0,0,1,97.19953325554259,0,1,4.564348191467836,8.13973227971767,6.5795780628056235
304,0,1,1,0,1,0,0,0,1,0,1,0,1,0,0,97.84615384615385,0,1,4.941642422609304,8.779557455883728,6.956872293947092
305,0,1,1,0,1,0,0,0,0,1,1,0,0,0,1,93.7,0,1,4.836281906951478,7.600902459542082,6.851511778289265
306,1,0,1,0,1,0,0,0,1,0,1,0,1,0,0,97.51289609432573,0,1,4.90527477843843,8.59932602095476,6.920504649776217
307,1,0,1,0,1,0,0,0,1,0,1,0,0,0,1,97.56040347173352,1,0,4.6443908991413725,8.35772841676521,6.659620770479161
308,0,1,1,0,1,0,0,0,1,0,1,0,1,0,0,97.62763801710076,0,1,6.173786103901937,9.915070213779195,8.189015975239725
309,0,1,0,1,0,0,1,0,0,1,1,0,1,0,0,97.58706143211164,0,1,5.220355825078324,8.944680683558895,7.235585696416113
310,1,0,1,0,1,0,0,0,1,0,1,0,0,1,0,97.12032910524512,0,1,4.430816798843313,7.978310969867722,6.446046670181102
311,0,1,1,0,1,0,0,0,0,1,1,0,0,1,0,97.91822955738935,0,1,4.709530201312334,8.5814816812986,6.724760072650122
312,1,0,1,0,1,0,0,0,1,0,1,0,1,0,0,97.76625448743518,0,1,4.02535169073515,7.826842098158293,6.040581562072937
313,0,1,0,1,0,0,1,0,1,0,0,1,1,0,0,97.493908806126,0,1,4.969813299576001,8.656259239539235,6.986117862043554
314,0,1,0,1,1,0,0,0,1,0,1,0,1,0,0,96.31603336422614,0,1,5.0689042022202315,8.370084326378025,7.084134073558019
315,0,1,0,1,0,1,0,0,0,1,1,0,0,0,1,97.7971819805517,0,1,4.709530201312334,8.524962928680598,6.725087030312018
316,0,1,0,1,0,0,1,0,1,0,1,0,0,1,0,96.77158999192898,0,1,4.787491742782046,8.220672170297252,6.802721614119834
317,0,1,0,1,1,0,0,0,1,0,1,0,0,0,1,97.90076335877863,0,1,4.477336814478207,8.340933226000878,6.492566685815994
318,1,0,1,0,0,1,0,0,1,0,1,0,0,1,0,96.83705168031629,0,1,4.718498871295094,8.172164452111904,6.7337287426328825
319,0,1,0,1,0,1,0,0,1,0,0,1,1,0,0,98.45,0,1,5.043425116919247,9.210340371976184,7.058654988257034
320,0,1,0,1,1,0,0,0,1,0,1,0,0,1,0,97.48193562513686,0,1,4.74493212836325,8.426611813185,6.760161999701038
321,0,1,0,1,0,0,0,1,1,0,1,0,0,1,0,97.26329728536747,0,1,4.820281565605037,8.418697944667139,6.8355114369428245
322,0,1,0,1,0,0,1,0,0,1,1,0,1,0,0,97.57272201887884,0,1,4.836281906951478,8.55468163582723,6.851511778289265
323,1,0,1,0,1,0,0,0,1,0,1,0,1,0,0,97.85400747845878,0,1,4.882801922586371,8.724369949208368,6.898031793924159
324,0,1,0,1,0,0,0,1,1,0,1,0,1,0,0,98.0,0,1,5.703782474656201,9.615805480084347,7.719012345993989
325,0,1,0,1,0,1,0,0,1,0,0,1,1,0,0,97.24521942999486,1,0,5.929589143389895,9.521421537856195,7.944819014727682
326,0,1,1,0,1,0,0,0,1,0,1,0,1,0,0,97.35611145007118,1,0,4.867534450455582,8.50045386741194,6.8827643217933705
327,0,1,0,1,1,0,0,0,1,0,0,1,0,1,0,97.69365755828528,0,1,5.214935757608986,8.984443032465352,7.230165628946773
328,1,0,0,1,1,0,0,0,1,0,1,0,0,0,1,98.37853773584906,0,1,4.700480365792417,8.822322177471738,6.715710237130204
329,1,0,1,0,1,0,0,0,1,0,1,0,0,0,1,97.32,0,1,4.204692619390966,7.824046010856292,6.219922490728754
330,0,1,1,0,0,1,0,0,1,0,1,0,0,0,1,98.10587663914522,0,1,4.762173934797756,8.728587995695898,6.777403806135544
331,0,1,1,0,1,0,0,0,1,0,1,0,0,1,0,96.66098807495742,0,1,4.584967478670572,7.984462732262196,6.60019735000836
332,0,1,1,0,0,0,0,0,1,0,1,0,0,0,1,97.49382280268267,0,1,4.2626798770413155,7.949091499830517,6.277909748379103
333,0,1,0,1,1,0,0,0,1,0,1,0,0,0,1,99.22636057912436,0,1,6.194405391104672,11.05622495553552,8.209962220104355
334,0,1,0,1,0,1,0,0,1,0,0,1,0,0,1,98.43991085204868,0,1,5.204006687076795,9.364433907313582,7.219563516076479
335,0,1,0,1,0,0,0,0,1,0,0,1,0,1,0,99.29950965675974,0,1,4.248495242049359,9.209640126861789,6.263725113387147
336,0,1,0,1,0,1,0,0,1,0,1,0,1,0,0,97.30549006399461,0,1,5.075173815233827,8.689127655323706,7.090403686571615
337,0,1,0,1,0,0,1,0,1,0,0,1,1,0,0,97.52112676056338,0,1,5.170483995038151,8.867850063029406,7.18571386637594
338,1,0,1,0,0,0,0,1,0,1,1,0,0,0,1,93.11475409836065,1,0,4.836281906951478,7.512071245835466,6.851511778289265
339,1,0,1,0,1,0,0,0,1,0,1,0,0,1,0,98.29326923076923,0,1,4.2626798770413155,8.333270353255308,6.277909748379103
340,0,1,0,1,0,0,0,1,0,1,1,0,1,0,0,95.9140292867265,0,1,5.153291594497779,8.350902451694811,7.168521465835567
341,1,0,1,0,1,0,0,0,1,0,1,0,1,0,0,98.06560134566863,0,1,3.828641396489095,7.774015077250727,5.8438712678268825
342,0,1,0,1,0,1,0,0,0,1,1,0,0,0,1,97.26785405498876,0,1,5.062595033026967,8.662677858158219,7.077824904364754
343,0,1,0,1,0,0,0,1,0,1,1,0,0,1,0,97.66782225023637,0,1,4.30406509320417,8.062432791583195,6.319294964541958
344,0,1,0,1,0,0,1,0,1,0,1,0,1,0,0,97.45572969672298,0,1,4.8283137373023015,8.499640032168648,6.843543608640089
345,0,1,0,1,1,0,0,0,1,0,1,0,0,1,0,96.7722412749647,0,1,5.075173815233827,8.508555998020574,7.090403686571615
346,0,1,0,1,0,0,0,0,0,1,1,0,1,0,0,97.74914852658078,1,0,5.0238805208462765,8.817742129574842,7.039110392184064
347,0,1,0,1,0,0,1,0,0,1,1,0,0,0,1,97.6004570557989,0,1,4.836281906951478,8.566173813637858,6.851511778289265
348,0,1,0,1,1,0,0,0,1,0,1,0,0,1,0,97.62733602052035,0,1,5.556828061699537,9.29798488182823,7.572057933037326
349,0,1,0,1,1,0,0,0,1,0,1,0,1,0,0,97.89295774647887,0,1,5.231108616854587,9.090993614343617,7.246338488192374
350,0,1,0,1,1,0,0,0,1,0,1,0,0,1,0,97.48981614004184,0,1,5.429345628954441,9.114159813502214,7.4445755002922285
351,0,1,1,0,1,0,0,0,1,0,1,0,1,0,0,97.61554540527987,0,1,5.730099782973574,9.466299552232016,7.745329654311362
352,0,1,0,1,0,0,0,1,1,0,1,0,1,0,0,97.9995788587071,0,1,4.553876891600541,8.465689348549121,6.569106762938329
353,1,0,0,1,1,0,0,0,1,0,0,1,1,0,0,98.0909090909091,1,0,4.653960350157523,8.612503371220562,6.669190221495311
354,1,0,0,1,1,0,0,0,1,0,1,0,0,1,0,95.56010928961749,0,1,4.867534450455582,7.982074875081202,6.8827643217933705
355,1,0,1,0,0,0,0,0,1,0,1,0,0,0,1,96.95777602937319,0,1,4.7535901911063645,8.246171559857563,6.769147020106049
356,0,1,0,1,0,0,1,0,1,0,1,0,1,0,0,98.56521739130434,0,1,5.10594547390058,9.350102314351341,7.121175345238369
357,0,1,0,1,0,1,0,0,1,0,1,0,0,0,1,98.2709677419355,0,1,4.204692619390966,8.262300941787448,6.219922490728754
358,0,1,0,1,1,0,0,0,0,1,1,0,0,0,1,97.85683669095584,1,0,4.605170185988092,8.448057452581375,6.620318334611005
359,0,1,0,1,0,0,0,1,1,0,1,0,0,1,0,97.60019198464123,0,1,5.298317366548036,9.0280988119824,7.313547237885825
360,1,0,1,0,0,1,0,0,1,0,1,0,0,1,0,98.28498835485921,0,1,4.394449154672439,8.460199469896118,6.4096790260102265
361,0,1,0,1,0,0,1,0,1,0,1,0,0,1,0,97.27702780662281,0,1,5.4638318050256105,9.067277989134345,7.479061676363398
362,0,1,0,1,1,0,0,0,1,0,1,0,0,0,1,98.16461951150643,0,1,4.867534450455582,8.865452825753623,6.8827643217933705
363,0,1,0,1,1,0,0,0,1,0,1,0,0,0,1,98.42871319880912,0,1,4.553876891600541,8.707152175339404,6.569172145919162
364,0,1,1,0,1,0,0,0,1,0,0,1,1,0,0,97.93315743183817,0,1,4.948759890378168,8.82790796297859,6.963989761715956
365,0,1,1,0,1,0,0,0,0,1,1,0,1,0,0,97.86036036036036,0,1,4.890349128221754,8.734881892047483,6.905578999559541
366,0,1,1,0,1,0,0,0,1,0,1,0,0,1,0,96.16,0,1,4.564348191467836,7.824046010856292,6.57949634009075
367,0,1,1,0,1,0,0,0,1,0,1,0,1,0,0,97.5800156128025,1,0,4.820281565605037,8.541690663016626,6.8355114369428245
368,0,1,0,1,0,1,0,0,1,0,1,0,0,1,0,97.23320158102767,0,1,5.1647859739235145,8.752265313595721,7.180015845261302
369,0,1,0,1,1,0,0,0,1,0,1,0,1,0,0,97.71963514162266,0,1,6.345636360828596,10.126471091048971,8.360866232166384
370,1,0,1,0,1,0,0,0,1,0,0,1,0,1,0,99.65099308331747,0,1,4.007333185232471,9.665166909622071,6.022563056570259
371,0,1,0,1,0,0,1,0,1,0,1,0,0,1,0,97.0106075216972,0,1,5.043425116919247,8.553525120663627,7.058654988257034
372,0,1,0,1,0,0,1,0,1,0,0,1,1,0,0,97.79018376366596,0,1,5.940171252720432,9.752432077616172,7.955466507039053
373,0,1,1,0,0,1,0,0,1,0,1,0,0,0,1,97.8015448603684,1,0,4.709530201312334,8.526945482858915,6.725087030312018
374,1,0,1,0,1,0,0,0,1,0,1,0,0,0,1,97.39521667061331,0,1,4.700480365792417,8.348301054933943,6.715710237130204
375,0,1,0,1,1,0,0,0,1,0,1,0,0,0,1,97.90940766550523,0,1,4.787491742782046,8.655214489313613,6.80304857178173
376,0,1,0,1,0,0,0,1,1,0,1,0,1,0,0,99.05427033318783,0,1,4.867534450455582,9.52850315168155,6.8827643217933705
377,0,1,0,1,1,0,0,0,1,0,1,0,0,1,0,96.98375870069606,0,1,4.867534450455582,8.368693183097793,6.8827643217933705
378,0,1,1,0,1,0,0,0,1,0,1,0,0,0,1,97.68654284783317,0,1,4.2626798770413155,8.029107054619736,6.277828025664229
379,0,1,0,1,0,0,1,0,1,0,1,0,0,0,1,97.58857354850677,0,1,4.867534450455582,8.592486175451668,6.8827643217933705
380,0,1,0,1,1,0,0,0,1,0,1,0,0,1,0,97.80558889079376,0,1,4.852030263919617,8.671286726753637,6.867260135257405
381,0,1,1,0,1,0,0,0,1,0,1,0,0,1,0,97.09033716701072,0,1,5.69035945432406,9.227492430793749,7.705589325661848
382,1,0,1,0,1,0,0,0,1,0,1,0,0,0,1,97.39999999999999,0,1,5.049856007249537,8.699514748210191,7.0650858785873245
383,0,1,1,0,1,0,0,0,1,0,0,1,0,0,1,98.21403655643923,0,1,4.852030263919617,8.877242435993919,6.867260135257405
384,0,1,0,1,0,0,1,0,1,0,1,0,0,0,1,97.80989925536575,0,1,4.605170185988092,8.42639282708974,6.620400057325879
385,0,1,1,0,0,1,0,0,1,0,1,0,0,0,1,96.91846195800382,0,1,4.727387818712341,8.207129168071326,6.742944647712024
386,0,1,1,0,1,0,0,0,0,1,1,0,0,1,0,96.65484034465281,0,1,4.882801922586371,8.28045768658256,6.898031793924159
387,0,1,0,1,1,0,0,0,0,1,1,0,0,0,1,97.9498861047836,1,0,4.836281906951478,8.72355674269043,6.851511778289265
388,0,1,0,1,1,0,0,0,1,0,1,0,0,0,1,97.13684210526316,0,1,4.912654885736052,8.465899897028686,6.92788475707384
389,0,1,0,1,1,0,0,0,1,0,1,0,1,0,0,97.72230320699708,0,1,4.8283137373023015,8.610319169405722,6.843543608640089
390,0,1,1,0,0,0,0,1,1,0,1,0,1,0,0,97.98189156757935,0,1,5.220355825078324,9.123365357961776,7.235585696416113
391,0,1,0,1,0,0,0,1,1,0,1,0,1,0,0,97.10648148148148,0,1,5.616771097666572,9.159468041602427,7.632000969004359
392,0,1,0,1,1,0,0,0,1,0,1,0,0,0,1,97.44572158365263,0,1,4.787491742782046,8.454892165218858,6.802721614119834
393,0,1,0,1,0,0,1,0,0,1,1,0,0,1,0,96.87672747374239,0,1,4.727387818712341,8.193676665955241,6.742944647712024
394,0,1,0,1,0,0,1,0,1,0,1,0,0,0,1,97.4888888888889,0,1,4.727387818712341,8.411832675758411,6.742617690050128
395,0,1,0,1,0,0,1,0,1,0,1,0,0,1,0,96.4095744680851,0,1,4.90527477843843,8.23217423638394,6.920504649776217
396,1,0,1,0,1,0,0,0,1,0,1,0,0,0,1,97.76729559748428,1,0,4.2626798770413155,8.064636475774222,6.277909748379103
397,0,1,0,1,1,0,0,0,1,0,1,0,0,0,1,97.88512911843277,0,1,4.553876891600541,8.410053315858335,6.569106762938329
398,0,1,1,0,1,0,0,0,0,1,1,0,1,0,0,98.04238505747126,0,1,4.6913478822291435,8.624791202014256,6.706577753566932
399,1,0,1,0,1,0,0,0,1,0,1,0,0,1,0,96.87878787878788,1,0,4.634728988229636,8.101677747454572,6.649958859567423
400,0,1,0,1,0,0,1,0,0,1,1,0,0,0,1,98.4423676012461,1,0,3.8066624897703196,7.968665700466235,5.822219318770004
401,0,1,1,0,1,0,0,0,0,1,1,0,1,0,0,97.64065335753176,0,1,4.174387269895637,7.9211727215870145,6.189682524214258
402,0,1,1,0,1,0,0,0,1,0,1,0,0,1,0,99.54222222222222,0,1,4.634728988229636,10.021270588192511,6.649958859567423
403,1,0,1,0,1,0,0,0,0,1,1,0,0,1,0,97.30005094243505,0,1,3.970291913552122,7.5822291942764615,5.98552178488991
404,1,0,1,0,1,0,0,0,1,0,0,1,1,0,0,97.39282354522241,0,1,5.267858159063328,8.914760527397261,7.283088030401116
405,1,0,1,0,1,0,0,0,1,0,1,0,0,1,0,97.47085990763141,0,1,4.74493212836325,8.42222295382501,6.760161999701038
406,0,1,0,1,1,0,0,0,0,1,1,0,0,0,1,97.48193562513686,0,1,4.74493212836325,8.426611813185,6.760161999701038
407,1,0,1,0,1,0,0,0,0,1,1,0,1,0,0,97.01762313601446,0,1,4.189654742026425,7.70210434005105,6.2048846133642135
408,0,1,0,1,0,1,0,0,1,0,1,0,0,1,0,98.16867469879517,1,0,5.0238805208462765,9.02401079378469,7.039175775164898
409,0,1,0,1,0,0,0,1,1,0,1,0,1,0,0,99.55555555555556,1,0,5.886104031450156,11.302204433654575,7.901333902787943
410,1,0,1,0,0,1,0,0,0,1,0,1,0,1,0,98.39668994052236,0,1,4.127134385045092,8.260234291607297,6.142364256382879
411,0,1,0,1,1,0,0,0,1,0,1,0,0,0,1,97.44245524296676,0,1,5.075173815233827,8.741296282225147,7.090403686571615
412,0,1,0,1,1,0,0,0,0,1,1,0,1,0,0,96.4238845144357,1,0,5.384495062789089,8.715388097366482,7.399724934126877
413,0,1,0,1,1,0,0,0,0,1,1,0,1,0,0,97.4335044330378,0,1,4.700480365792417,8.363109176033522,6.715710237130204
414,1,0,0,1,1,0,0,0,0,1,1,0,0,1,0,96.6951355365763,1,0,5.181783550292085,8.591558273371545,7.1970134216298725
415,1,0,1,0,1,0,0,0,1,0,1,0,0,0,1,97.9966611018364,0,1,4.0943445622221,8.00469951054955,6.109574433559889
416,1,0,1,0,0,1,0,0,1,0,1,0,0,0,1,93.84615384615384,0,1,5.075173815233827,7.8632667240095735,7.090403686571615
417,0,1,0,1,0,0,1,0,1,0,0,1,0,0,1,98.89351851851852,0,1,5.476463551931511,9.980448593672257,7.491693423269298
418,0,1,0,1,1,0,0,0,1,0,1,0,1,0,0,97.05107951553448,0,1,4.718498871295094,8.242229891372231,6.7337287426328825
419,0,1,0,1,1,0,0,0,1,0,1,0,0,1,0,97.04053184645079,0,1,4.927253685157205,8.44741429680832,6.9424835564949925
420,0,1,0,1,1,0,0,0,1,0,1,0,1,0,0,97.63252702007206,0,1,4.927253685157205,8.67060073804555,6.9424835564949925
421,1,0,1,0,1,0,0,0,0,1,1,0,0,0,1,97.05882352941177,1,0,4.382026634673881,7.908387159290043,6.3972565060116695
422,0,1,0,1,1,0,0,0,1,0,1,0,0,0,1,97.17434303475558,0,1,4.605170185988092,8.171599480345463,6.620400057325879
423,0,1,0,1,0,1,0,0,1,0,1,0,0,0,1,98.76640125602782,1,0,4.700480365792417,9.095714846134879,6.715710237130204
424,0,1,0,1,1,0,0,0,1,0,1,0,0,1,0,99.35483870967742,0,1,4.564348191467836,9.607773308387083,6.5795780628056235
425,0,1,0,1,1,0,0,0,1,0,1,0,1,0,0,98.2629916738444,0,1,4.795790545596741,8.848796450925947,6.811020416934529
426,1,0,1,0,0,1,0,0,0,1,1,0,1,0,0,98.24142422926617,0,1,4.394449154672439,8.43511508038063,6.4096790260102265
427,0,1,0,1,0,0,1,0,1,0,1,0,0,1,0,97.75905644481887,0,1,4.890349128221754,8.688622307043769,6.905578999559541
428,0,1,0,1,1,0,0,0,1,0,1,0,1,0,0,97.03690584938252,0,1,4.465908118654584,7.984844261119869,6.481137989992371
429,0,1,1,0,1,0,0,0,0,1,1,0,0,0,1,97.79168200220832,0,1,4.0943445622221,7.907283609426348,6.1099013912217846
430,1,0,1,0,0,1,0,0,1,0,0,1,0,1,0,98.26066790352505,0,1,5.0106352940962555,9.06230429314878,7.025865165434044
431,0,1,1,0,1,0,0,0,1,0,1,0,1,0,0,98.38461538461539,1,0,4.653960350157523,8.779557455883728,6.669190221495311
432,0,1,1,0,1,0,0,0,1,0,1,0,0,1,0,96.85461323392359,0,1,6.003887067106539,9.463120392418698,8.019116938444327
433,0,1,0,1,1,0,0,0,1,0,1,0,0,1,0,96.99895068205666,0,1,4.962844630259907,8.469052816088302,6.978074501597695
434,0,1,1,0,1,0,0,0,1,0,1,0,0,0,1,97.33333333333334,0,1,4.605170185988092,8.229511118964457,6.620400057325879
435,1,0,0,1,0,0,0,0,1,0,1,0,0,1,0,98.74589429680502,0,1,4.836281906951478,9.215029361462314,6.851675243757549
436,0,1,1,0,1,0,0,0,1,0,1,0,0,1,0,98.6761980407731,0,1,3.912023005428146,8.236685322712457,5.927252876765934
437,0,1,0,1,1,0,0,0,1,0,1,0,0,0,1,96.22528460155782,0,1,4.836281906951478,8.11312710422178,6.851511778289265
438,0,1,1,0,1,0,0,0,1,0,0,1,0,0,1,98.20468509984639,1,0,5.231108616854587,9.251098364448351,7.246338488192374
439,1,0,0,1,1,0,0,0,0,1,0,1,1,0,0,98.06776813217586,0,1,4.927253685157205,8.873748128154395,6.9424835564949925
440,0,1,1,0,1,0,0,0,1,0,1,0,0,1,0,97.85648784961028,0,1,5.231108616854587,9.07383312732152,7.246338488192374
441,0,1,0,1,1,0,0,0,1,0,1,0,1,0,0,98.15081158824738,0,1,5.19295685089021,9.1833801903934,7.208186722227998
442,0,1,1,0,0,0,0,1,0,1,1,0,0,1,0,97.7910447761194,0,1,4.997212273764115,8.809862805379057,7.012442145101903
443,0,1,1,0,0,1,0,0,1,0,1,0,0,1,0,99.59702006946102,0,1,5.0238805208462765,10.537919225261291,7.039110392184064
444,0,1,0,1,1,0,0,0,1,0,1,0,1,0,0,98.88293118856122,0,1,5.1647859739235145,9.659248037927183,7.180081228242135
445,0,1,0,1,0,1,0,0,1,0,0,1,1,0,0,97.21984602224123,0,1,4.867534450455582,8.450198322591959,6.8827643217933705
446,0,1,0,1,0,0,1,0,0,1,1,0,1,0,0,97.63542562338779,0,1,4.700480365792417,8.445052513638554,6.715710237130204
447,0,1,0,1,1,0,0,0,1,0,1,0,1,0,0,98.88097660223805,0,1,4.007333185232471,8.500047032581268,6.022563056570259
448,0,1,0,1,0,0,1,0,1,0,1,0,1,0,0,97.02970297029702,1,0,5.0106352940962555,8.527143522269405,7.025865165434044
449,0,1,1,0,0,1,0,0,0,1,0,1,0,1,0,95.59266991417304,0,1,5.247024072160486,8.368925174747135,7.262253943498274
450,0,1,0,1,0,0,1,0,0,1,1,0,1,0,0,96.49270482603815,1,0,4.8283137373023015,8.1786387885907,6.843543608640089
451,0,1,0,1,0,0,1,0,0,1,1,0,0,0,1,98.24253075571178,0,1,4.0943445622221,8.135639903354386,6.109639816540722
452,0,1,0,1,1,0,0,0,1,0,1,0,1,0,0,97.37722232001408,1,0,5.003946305945459,8.644882552557126,7.019176177283247
453,0,1,0,1,1,0,0,0,1,0,1,0,1,0,0,98.18145079814103,1,0,4.499809670330265,8.506940814951886,6.515366499329949
454,0,1,1,0,1,0,0,0,1,0,0,1,0,1,0,98.81439661256175,0,1,4.430816798843313,8.865735152124781,6.446046670181102
455,0,1,0,1,0,0,1,0,1,0,1,0,0,1,0,97.51230888831304,0,1,4.564348191467836,8.258163361537619,6.5795780628056235
456,0,1,0,1,1,0,0,0,1,0,1,0,0,0,1,97.25645198790978,0,1,4.770684624465665,8.366602832783736,6.7859144958034525
457,0,1,0,1,1,0,0,0,1,0,1,0,0,0,1,97.2439063246774,0,1,5.153291594497779,8.744647438317532,7.168521465835567
458,0,1,1,0,0,0,1,0,1,0,1,0,1,0,0,96.87643546164446,0,1,4.912654885736052,8.378850241794492,6.92788475707384
459,0,1,0,1,1,0,0,0,1,0,1,0,0,1,0,98.08015358771299,0,1,5.075173815233827,9.0280988119824,7.090403686571615
460,0,1,0,1,1,0,0,0,1,0,0,1,0,1,0,97.40512487836523,0,1,5.075173815233827,8.726805608446096,7.090403686571615
461,0,1,0,1,0,0,0,1,1,0,1,0,0,0,1,98.34625322997415,0,1,4.852030263919617,8.954156966583772,6.867587092919301
462,0,1,0,1,1,0,0,0,1,0,1,0,1,0,0,97.05938881414569,0,1,5.030437921392435,8.556990661290303,7.045667792730224
463,1,0,1,0,0,1,0,0,0,1,1,0,0,1,0,97.45713735311115,0,1,4.882801922586371,8.55468163582723,6.898031793924159
464,0,1,1,0,1,0,0,0,1,0,1,0,0,1,0,97.64762361977917,1,0,4.584967478670572,8.334711621820917,6.60019735000836
465,0,1,1,0,1,0,0,0,1,0,1,0,1,0,0,97.66666666666667,0,1,4.941642422609304,8.699514748210191,6.956872293947092
466,0,1,0,1,0,0,0,1,0,1,1,0,0,0,1,98.48189112990674,1,0,4.248495242049359,8.436200032206706,6.264052071049043
467,0,1,0,1,1,0,0,0,1,0,1,0,0,1,0,99.34100167745028,0,1,4.700480365792417,9.722684841711443,6.715710237130204
468,1,0,0,1,0,0,1,0,0,1,1,0,0,1,0,96.86600575631596,0,1,4.584967478670572,8.047829357457841,6.60019735000836
469,0,1,0,1,1,0,0,0,1,0,1,0,0,0,1,98.37853773584906,0,1,4.700480365792417,8.822322177471738,6.715710237130204
470,0,1,0,1,0,1,0,0,1,0,0,1,0,1,0,97.06999457406403,0,1,5.087596335232384,8.617762246337932,7.102826206570172
471,0,1,0,1,0,1,0,0,0,1,1,0,1,0,0,97.27907536720443,1,0,4.727387818712341,8.331586243630754,6.742944647712024
472,0,1,0,1,0,0,0,1,1,0,1,0,0,1,0,97.86825836708591,0,1,4.605170185988092,8.453401058328458,6.620400057325879
473,1,0,1,0,1,0,0,0,1,0,0,1,0,0,1,96.28,0,1,4.532599493153256,7.824046010856292,6.547829364491044
474,0,1,1,0,0,0,1,0,1,0,1,0,1,0,0,98.40864440078585,0,1,5.087596335232384,9.228180290104513,7.102826206570172
475,0,1,0,1,0,0,1,0,1,0,0,1,1,0,0,99.14476309937854,0,1,5.0106352940962555,9.772182251758139,7.025865165434044
476,0,1,0,1,0,0,1,0,1,0,1,0,0,1,0,97.27810650887574,0,1,5.438079308923196,9.041921720351219,7.453374563241817
477,0,1,0,1,0,0,1,0,1,0,1,0,0,1,0,97.21812434141202,1,0,4.882801922586371,8.464846711044029,6.898031793924159
478,0,1,0,1,0,1,0,0,1,0,0,1,0,1,0,99.54538246022096,0,1,4.454347296253507,9.847816267665664,6.469577167591296
479,0,1,0,1,0,0,1,0,1,0,1,0,0,0,1,97.23076923076923,0,1,4.836281906951478,8.422882511944996,6.851511778289265
480,1,0,1,0,1,0,0,0,0,1,1,0,1,0,0,96.45977011494253,0,1,5.0369526024136295,8.37793112408273,7.052182473751417
481,0,1,0,1,0,0,0,1,0,1,1,0,1,0,0,96.34894991922455,0,1,4.727387818712341,8.037543185118697,6.742617690050128
482,0,1,0,1,1,0,0,0,1,0,1,0,0,1,0,97.55398433021212,0,1,4.852030263919617,8.562740006372207,6.867260135257405
483,0,1,0,1,1,0,0,0,1,0,1,0,0,1,0,97.8399335364165,0,1,5.455321115357702,9.290352309945568,7.470550986695489
484,0,1,0,1,0,0,1,0,1,0,1,0,0,1,0,97.04788191527662,0,1,5.5053315359323625,9.027978814382207,7.520561407270151
485,0,1,0,1,0,1,0,0,0,1,1,0,1,0,0,97.01866181156123,0,1,4.875197323201151,8.387995252944556,6.8904271945389395
486,0,1,1,0,0,0,1,0,1,0,1,0,1,0,0,97.74457287848887,1,0,4.382026634673881,8.173857454773621,6.3972565060116695
487,0,1,0,1,0,1,0,0,1,0,1,0,0,0,1,97.27267768504882,0,1,6.214608098422191,9.816457993563025,8.229837969759979
488,0,1,0,1,0,0,1,0,1,0,0,1,0,1,0,97.5997599759976,0,1,5.075173815233827,8.804775258867686,7.090403686571615
489,0,1,1,0,1,0,0,0,1,0,1,0,0,0,1,96.91991786447639,0,1,4.31748811353631,7.79770203551669,6.332717984874098
490,0,1,1,0,1,0,0,0,0,1,1,0,0,1,0,98.24945295404814,0,1,4.564348191467836,8.609590040682205,6.5795780628056235
491,0,1,0,1,0,1,0,0,0,1,1,0,0,0,1,97.12252475247524,0,1,5.225746673713202,8.774003600200931,7.240976545050989
492,0,1,1,0,1,0,0,0,0,1,1,0,1,0,0,97.0197778379843,0,1,4.700480365792417,8.213652703029998,6.715710237130204
493,1,0,1,0,1,0,0,0,0,1,0,1,0,1,0,98.69663442043677,0,1,5.41610040220442,9.756320761816548,7.4313302735422075
494,0,1,0,1,1,0,0,0,1,0,1,0,1,0,0,97.93187347931874,1,0,4.77912349311153,8.657650544111494,6.794353364449317
495,1,0,0,1,0,1,0,0,1,0,1,0,0,1,0,97.52300070771408,0,1,4.653960350157523,8.352082671352637,6.670264912625076
496,0,1,0,1,1,0,0,0,0,1,1,0,1,0,0,97.51162790697674,0,1,4.672828834461906,8.366370301681654,6.688058705799694
497,0,1,0,1,1,0,0,0,1,0,1,0,0,0,1,98.51643945469127,0,1,4.709530201312334,8.920255414908091,6.734285518297611
498,0,1,0,1,0,1,0,0,1,0,0,1,0,1,0,96.71848013816926,0,1,4.553876891600541,7.970740390007095,6.569106762938329
499,0,1,1,0,1,0,0,0,1,0,1,0,1,0,0,98.04654640620619,1,0,5.342334251964811,9.277905558138606,7.357564123302598
500,1,0,1,0,1,0,0,0,1,0,1,0,1,0,0,97.38909426987061,0,1,4.727387818712341,8.372860820526318,6.742535967335254
501,1,0,1,0,1,0,0,0,1,0,1,0,0,1,0,96.83444127888572,0,1,4.605170185988092,8.058010800802085,6.620400057325879
502,0,1,0,1,0,0,1,0,1,0,1,0,0,1,0,98.01697015921441,0,1,5.337538079701318,9.258082367961604,7.352767951039105
503,0,1,0,1,0,1,0,0,0,1,1,0,1,0,0,98.52437981180496,0,1,4.927253685157205,9.143345503151904,6.9424835564949925
504,0,1,0,1,1,0,0,0,0,1,1,0,0,1,0,97.65905229375119,0,1,4.820281565605037,8.574895901544526,6.835576819923658
505,0,1,0,1,0,0,1,0,1,0,1,0,1,0,0,96.9341408024224,0,1,5.493061443340548,8.97790377375038,7.5082913146783365
506,0,1,0,1,1,0,0,0,1,0,1,0,0,0,1,98.25454545454545,0,1,6.173786103901937,10.221941283654663,8.189015975239725
507,0,1,1,0,1,0,0,0,1,0,1,0,0,0,1,97.3206809935808,0,1,4.564348191467836,8.183955717304954,6.5795780628056235
508,0,1,0,1,1,0,0,0,1,0,0,1,0,0,1,96.5768390386016,0,1,5.236441962829949,8.61104776688786,7.251671834167737
509,1,0,1,0,0,1,0,0,1,0,1,0,0,0,1,99.69838636706379,0,1,3.6888794541139363,9.492658081928813,5.704109325451724
510,0,1,1,0,1,0,0,0,0,1,1,0,1,0,0,97.95291709314226,0,1,4.605170185988092,8.493924564476883,6.620400057325879
511,0,1,0,1,0,1,0,0,1,0,1,0,0,1,0,96.90172264221093,0,1,5.521460917862246,8.995784837848506,7.536690789200034
512,0,1,0,1,0,0,1,0,1,0,1,0,0,0,1,97.2169988717563,0,1,4.997212273764115,8.578852571802965,7.012442145101903
513,0,1,0,1,1,0,0,0,1,0,1,0,0,1,0,99.20418371987267,0,1,4.248495242049359,9.082052351674651,6.264052071049043
514,0,1,1,0,1,0,0,0,1,0,1,0,1,0,0,96.71975530007383,0,1,5.739792912179234,9.15704507491796,7.755022783517022
515,0,1,0,1,0,0,0,1,1,0,1,0,1,0,0,97.82419495213229,0,1,5.0106352940962555,8.83840674707681,7.025865165434044
516,1,0,0,1,0,0,1,0,1,0,1,0,0,1,0,96.91509691509691,0,1,4.727387818712341,8.206037762778815,6.742535967335254
517,0,1,0,1,0,0,0,0,0,1,1,0,0,1,0,97.4764054164957,1,0,4.812184355372417,8.491670234185152,6.827414226710205
518,0,1,1,0,1,0,0,0,1,0,1,0,0,1,0,97.19612003637465,0,1,5.220355825078324,8.794521851788527,7.235585696416113
519,1,0,1,0,1,0,0,0,0,1,1,0,1,0,0,97.20588235294117,0,1,4.553876891600541,8.131530710604252,6.569106762938329
520,0,1,0,1,0,0,1,0,0,1,1,0,0,1,0,98.85612608032537,0,1,3.8066624897703196,8.277411998949004,5.821892361108108
521,0,1,1,0,1,0,0,0,1,0,1,0,0,1,0,97.8,0,1,4.007333185232471,7.824046010856292,6.022563056570259
522,0,1,0,1,0,0,0,1,1,0,0,1,1,0,0,98.59174764117729,0,1,4.605170185988092,8.867990898182093,6.620400057325879
523,0,1,0,1,0,0,1,0,1,0,0,1,1,0,0,96.82413656212783,0,1,6.173786103901937,9.623376745580666,8.189015975239725
524,0,1,1,0,1,0,0,0,1,0,1,0,0,1,0,98.13802275749963,0,1,4.836281906951478,8.819813136232225,6.851511778289265
525,0,1,0,1,0,0,1,0,1,0,0,1,1,0,0,97.71428571428571,0,1,5.991464547107982,9.769956159911606,8.00669441844577
526,0,1,0,1,1,0,0,0,1,0,1,0,0,1,0,97.08609271523179,0,1,4.700480365792417,8.236155661683124,6.715710237130204
527,0,1,0,1,0,1,0,0,0,1,1,0,0,1,0,97.602382725242,1,0,5.081404364984463,8.812099108957337,7.0966342363222505
528,0,1,1,0,0,1,0,0,0,1,1,0,0,1,0,97.63878422506907,0,1,4.543294782270004,8.289288323000317,6.558524653607792
529,0,1,1,0,1,0,0,0,0,1,1,0,0,1,0,98.08344390387734,0,1,4.867534450455582,8.82217476094608,6.8827643217933705
530,0,1,0,1,1,0,0,0,1,0,1,0,1,0,0,96.6896551724138,0,1,5.375278407684165,8.783396232190894,7.390508279021953
531,0,1,0,1,0,0,0,1,1,0,1,0,0,0,1,97.66409717355758,0,1,4.605170185988092,8.361941906144946,6.620400057325879
532,0,1,1,0,0,0,1,0,1,0,1,0,1,0,0,96.93422519509475,1,0,4.700480365792417,8.185350223178686,6.715710237130204
533,0,1,1,0,0,1,0,0,1,0,1,0,0,1,0,98.25777777777778,0,1,5.278114659230517,9.328123407632566,7.293344530568305
534,1,0,1,0,1,0,0,0,0,1,0,1,0,0,1,99.31186347371317,0,1,4.8283137373023015,9.807251944655302,6.843543608640089
535,0,1,1,0,1,0,0,0,0,1,1,0,1,0,0,97.2560975609756,0,1,4.836281906951478,8.432070937999402,6.851511778289265
536,0,1,0,1,1,0,0,0,1,0,1,0,0,0,1,96.77258691104691,0,1,5.780743515792329,9.214232786691527,7.795973387130117
537,0,1,1,0,0,0,1,0,1,0,1,0,0,1,0,97.04174730439591,0,1,4.672828834461906,8.193400231952097,6.688058705799694
538,0,1,0,1,1,0,0,0,0,1,1,0,1,0,0,98.08861859252823,0,1,4.189654742026425,8.146998697389993,6.2048846133642135
539,0,1,0,1,0,0,0,1,1,0,1,0,1,0,0,97.55337385070905,0,1,5.056245805348308,8.766705997750515,7.071802634347992
540,1,0,0,1,0,1,0,0,1,0,1,0,0,1,0,98.12156178719978,0,1,4.941642422609304,8.916371914881694,6.957199251608988
541,1,0,1,0,1,0,0,0,1,0,1,0,0,1,0,95.36950420954162,1,0,4.59511985013459,7.6676260915849905,6.610349721472378
542,1,0,1,0,0,1,0,0,1,0,1,0,0,1,0,97.3986856516977,0,1,4.553876891600541,8.20303024171486,6.569106762938329
543,0,1,0,1,0,1,0,0,0,1,1,0,0,0,1,97.3126180978375,0,1,4.852030263919617,8.46863300080086,6.867260135257405
544,1,0,0,1,1,0,0,0,0,1,1,0,0,1,0,97.22826086956522,0,1,4.624972813284271,8.210668031162976,6.640202684622059
545,0,1,0,1,1,0,0,0,1,0,1,0,1,0,0,96.7147096227215,0,1,5.043425116919247,8.45914025996762,7.058654988257034
546,0,1,1,0,1,0,0,0,0,1,1,0,0,1,0,97.6176295413937,0,1,4.382026634673881,8.119100837637486,6.400202980561116
547,0,1,1,0,1,0,0,0,1,0,1,0,1,0,0,96.63495010443258,0,1,4.976733742420574,8.368461137615839,6.9919636137583625
548,1,0,1,0,1,0,0,0,1,0,1,0,0,1,0,97.94,1,0,4.634728988229636,8.517193191416238,6.649958859567423
549,0,1,0,1,1,0,0,0,1,0,1,0,1,0,0,97.70881066444491,0,1,4.700480365792417,8.476579508530941,6.715710237130204
550,0,1,0,1,0,0,1,0,1,0,0,1,1,0,0,98.10040705563094,1,0,4.836281906951478,8.799812469525556,6.851511778289265
551,0,1,0,1,0,1,0,0,0,1,1,0,1,0,0,97.41113622354634,0,1,4.836281906951478,8.490233009833455,6.851511778289265
552,0,1,0,1,0,1,0,0,1,0,1,0,0,0,1,97.5998784748595,0,1,5.062595033026967,8.792245847467877,7.077824904364754
553,0,1,0,1,1,0,0,0,0,1,1,0,0,0,1,96.21892625861709,1,0,5.198497031265826,8.473659189392508,7.2137269026036135
554,0,1,0,1,1,0,0,0,1,0,1,0,1,0,0,98.32039699707342,1,0,4.882801922586371,8.969414650866176,6.898358751586055
555,0,1,0,1,0,1,0,0,1,0,1,0,0,1,0,99.6,0,1,3.258096538021482,8.779557455883728,5.27332640935927
556,1,0,1,0,1,0,0,0,1,0,1,0,0,0,1,98.04287045666355,0,1,4.430816798843313,8.36450810375059,6.446046670181102
557,0,1,0,1,0,0,0,1,1,0,0,1,0,1,0,97.43564454088174,0,1,5.560681631015528,9.22414465295258,7.575911502353316
558,0,1,0,1,1,0,0,0,1,0,1,0,0,1,0,97.52898108602807,0,1,5.087596335232384,8.78813593986372,7.102826206570172
559,1,0,0,1,1,0,0,0,1,0,1,0,0,1,0,97.19395621338268,0,1,5.204006687076795,8.777401286867264,7.2192365584145834
560,0,1,0,1,0,0,1,0,0,1,1,0,0,1,0,97.24278784784273,0,1,4.68213122712422,8.27308133366583,6.697361098462007
561,1,0,0,1,0,1,0,0,1,0,0,1,0,1,0,96.92055019503182,0,1,6.396929655216146,9.877348894926433,8.412159526553934
562,0,1,0,1,1,0,0,0,1,0,1,0,1,0,0,97.35489532405667,0,1,5.351858133476067,8.984317679911129,7.367088004813854
563,0,1,1,0,1,0,0,0,0,1,0,1,0,1,0,97.72413793103448,0,1,4.882801922586371,8.66561319653451,6.898031793924159
564,0,1,0,1,0,0,1,0,1,0,1,0,0,0,1,97.06784861916127,1,0,5.552959584921617,9.08239335764556,7.568189456259405
565,0,1,0,1,1,0,0,0,0,1,1,0,1,0,0,97.31363331094694,0,1,4.787491742782046,8.404472321352118,6.802721614119834
566,0,1,1,0,1,0,0,0,1,0,1,0,0,0,1,97.8997899789979,0,1,4.248495242049359,8.11162807830774,6.263725113387147
567,0,1,0,1,0,0,0,1,1,0,1,0,1,0,0,97.91525423728814,1,0,4.812184355372417,8.68270762989381,6.827414226710205
568,1,0,1,0,1,0,0,0,1,0,1,0,0,0,1,99.6215306980656,0,1,2.1972245773362196,7.774015077250727,4.212454448674007
569,0,1,0,1,1,0,0,0,1,0,1,0,0,0,1,98.01147227533461,1,0,4.6443908991413725,8.56216655705897,6.659620770479161
570,0,1,0,1,0,1,0,0,1,0,1,0,0,0,1,96.40023224308109,0,1,5.225746673713202,8.550047528287184,7.240976545050989
571,0,1,0,1,0,0,0,0,1,0,1,0,0,0,1,97.48743718592965,1,0,5.10594547390058,8.789812386190972,7.121175345238369
572,0,1,0,1,0,0,1,0,1,0,1,0,0,0,1,98.3499339973599,0,1,5.616771097666572,9.721125994942152,7.632000969004359
573,0,1,0,1,0,0,1,0,0,1,1,0,0,1,0,97.58709677419355,0,1,5.231108616854587,8.955448122347393,7.2462567654775
574,0,1,0,1,0,0,0,1,1,0,1,0,0,1,0,97.65844520761786,0,1,5.0106352940962555,8.764990330169104,7.025865165434044
575,0,1,0,1,0,0,1,0,1,0,1,0,0,0,1,97.01657458563537,0,1,4.68213122712422,8.194229304819817,6.698435789591773
576,0,1,0,1,1,0,0,0,1,0,1,0,0,1,0,97.43250896734,1,0,4.912654885736052,8.574895901544526,6.92788475707384
577,0,1,1,0,1,0,0,0,1,0,1,0,0,0,1,98.156836461126,0,1,4.700480365792417,8.694167141883597,6.715710237130204
578,0,1,0,1,0,1,0,0,1,0,1,0,1,0,0,97.33432984554061,0,1,4.672828834461906,8.297543529356284,6.688058705799694
579,0,1,1,0,1,0,0,0,1,0,1,0,0,0,1,97.36022298737498,0,1,5.081404364984463,8.715880102296456,7.0966342363222505
580,0,1,0,1,0,0,1,0,1,0,1,0,0,1,0,96.86544342507646,0,1,5.3230099791384085,8.785692444451245,7.338239850476196
581,0,1,1,0,1,0,0,0,1,0,1,0,0,0,1,99.74770835085359,0,1,4.499809670330265,10.482149379105689,6.515039541668052
582,1,0,0,1,1,0,0,0,1,0,1,0,0,1,0,98.86291850915983,0,1,3.58351893845611,8.060224240440958,5.598748809793897
583,0,1,0,1,0,1,0,0,1,0,1,0,1,0,0,96.75531914893617,0,1,4.110873864173311,7.539027055823995,6.126103735511099
584,0,1,0,1,0,1,0,0,1,0,1,0,1,0,0,96.89625850340136,1,0,4.983606621708336,8.456168489578463,6.998836493046124
585,0,1,0,1,0,1,0,0,1,0,1,0,1,0,0,97.63833585061101,0,1,5.147494476813453,8.893298144217916,7.163799039281006
586,0,1,0,1,1,0,0,0,1,0,1,0,0,0,1,97.27677402461377,0,1,4.6443908991413725,8.247743887225516,6.659620770479161
587,1,0,1,0,1,0,0,0,0,1,1,0,0,1,0,96.76674364896074,0,1,4.248495242049359,7.68017564043659,6.263725113387147
588,0,1,1,0,1,0,0,0,1,0,1,0,0,1,0,98.02105263157894,0,1,4.543294782270004,8.465899897028686,6.558524653607792
589,0,1,0,1,0,0,1,0,1,0,0,1,0,1,0,96.11151870873074,1,0,4.663439094112067,7.9105906122564775,6.678668965449855
590,0,1,0,1,1,0,0,0,1,0,1,0,0,1,0,99.12718204488779,0,1,4.02535169073515,8.766550149546351,6.040908519734833
591,0,1,0,1,0,0,1,0,1,0,0,1,0,1,0,96.58333333333333,0,1,5.3230099791384085,8.699514748210191,7.33840331594448
592,0,1,1,0,0,0,0,1,1,0,0,1,0,1,0,96.87934166933846,0,1,5.676753802268282,9.143880005275912,7.691983673606069
593,0,1,0,1,1,0,0,0,1,0,1,0,1,0,0,98.01648274898729,0,1,4.955827057601261,8.876125585396185,6.971383886600944
594,0,1,0,1,1,0,0,0,1,0,0,1,0,0,1,98.38709677419355,0,1,5.560681631015528,9.68781601606062,7.575911502353316
595,0,1,1,0,1,0,0,0,0,1,1,0,1,0,0,97.13018523349857,0,1,4.700480365792417,8.251403065380556,6.715710237130204
596,0,1,0,1,0,0,1,0,0,1,0,1,1,0,0,97.46715427333062,0,1,5.231108616854587,8.906935339059165,7.246338488192374
597,0,1,1,0,0,0,0,0,1,0,1,0,0,1,0,97.05390023434884,1,0,4.477336814478207,8.00202481821611,6.492566685815994
598,0,1,0,1,1,0,0,0,1,0,0,1,1,0,0,98.193315266486,0,1,5.19295685089021,9.206633510044856,7.208186722227998
599,0,1,0,1,0,0,1,0,1,0,1,0,0,0,1,96.67820069204153,0,1,5.2574953720277815,8.662158961666423,7.272725243365569
600,1,0,1,0,0,0,0,1,1,0,1,0,0,0,1,99.16831024404154,0,1,5.857933154483459,10.647399137646048,7.873489983483143
601,0,1,0,1,1,0,0,0,0,1,1,0,1,0,0,97.27400633134013,0,1,5.043425116919247,8.645762292210945,7.058654988257034
602,0,1,0,1,0,0,0,1,1,0,1,0,0,0,1,97.75556724530948,0,1,4.852030263919617,8.648747631156539,6.867260135257405
603,0,1,1,0,1,0,0,0,1,0,1,0,1,0,0,97.84380092766705,0,1,5.147494476813453,8.984317679911129,7.162724348151241
604,1,0,0,1,0,1,0,0,1,0,1,0,0,1,0,95.86666666666666,0,1,6.206575926724928,9.392661928770137,8.221805798062714
605,0,1,0,1,1,0,0,0,0,1,1,0,0,0,1,97.96774193548387,0,1,4.836281906951478,8.732304571033183,6.851838735951161
606,0,1,0,1,0,1,0,0,1,0,1,0,0,1,0,97.0677966101695,0,1,5.153291594497779,8.68270762989381,7.168521465835567
607,0,1,0,1,0,0,1,0,0,1,1,0,1,0,0,97.0915153760652,0,1,5.056245805348308,8.59378379357795,7.071475676686096
608,0,1,0,1,1,0,0,0,1,0,1,0,1,0,0,97.91586260131223,0,1,4.68213122712422,8.552946361122055,6.697361098462007
609,1,0,1,0,1,0,0,0,1,0,1,0,1,0,0,97.55172413793105,0,1,4.2626798770413155,7.9724660159745655,6.277909748379103
610,0,1,0,1,0,0,0,1,1,0,1,0,1,0,0,99.02581587920118,0,1,3.6888794541139363,8.32020459757888,5.70443628311362
611,0,1,0,1,0,1,0,0,1,0,1,0,0,0,1,96.95620789220403,0,1,5.53338948872752,9.025455532779063,7.548619360065308
612,0,1,0,1,0,0,1,0,1,0,1,0,0,0,1,97.53395753659501,0,1,5.231108616854587,8.933664178700935,7.246338488192374
613,1,0,1,0,1,0,0,0,1,0,0,1,0,1,0,97.09797076150993,1,0,4.890349128221754,8.430109084509125,6.905578999559541
614,1,0,0,1,1,0,0,0,1,0,1,0,0,0,1,98.37853773584906,0,1,4.700480365792417,8.822322177471738,6.715710237130204
615,0,1,0,1,0,0,0,1,1,0,1,0,0,1,0,97.65844520761786,0,1,5.0106352940962555,8.764990330169104,7.025865165434044
616,1,0,1,0,0,0,0,0,1,0,1,0,0,0,1,97.36016245154144,1,0,4.962844630259907,8.597297435657898,6.977992778882821
617,0,1,1,0,0,0,0,1,1,0,1,0,1,0,0,97.93548387096774,0,1,5.768320995793772,9.648595302907339,7.78355086713156
618,0,1,0,1,0,0,0,0,0,1,1,0,1,0,0,97.74914852658078,1,0,5.0238805208462765,8.817742129574842,7.039110392184064
619,0,1,0,1,1,0,0,0,1,0,1,0,1,0,0,93.07692307692308,0,1,4.90527477843843,7.575584651557793,6.920504649776217
620,0,1,1,0,0,0,0,0,1,0,1,0,0,1,0,97.05390023434884,1,0,4.477336814478207,8.00202481821611,6.492566685815994
621,1,0,0,1,0,1,0,0,1,0,0,1,0,0,1,97.51304347826087,1,0,5.655991810819852,9.350102314351341,7.671221682157641
622,1,0,0,1,1,0,0,0,1,0,1,0,0,0,1,98.37853773584906,0,1,4.700480365792417,8.822322177471738,6.715710237130204
623,1,0,1,0,1,0,0,0,1,0,1,0,0,1,0,96.87878787878788,1,0,4.634728988229636,8.101677747454572,6.649958859567423
624,0,1,0,1,1,0,0,0,1,0,1,0,1,0,0,94.76923076923077,0,1,5.135798437050262,8.086410275323782,7.1510283083880495
625,1,0,1,0,1,0,0,0,1,0,1,0,1,0,0,96.05032182562903,0,1,4.90527477843843,8.136810863675537,6.920504649776217
626,0,1,1,0,0,1,0,0,1,0,1,0,0,0,1,97.8015448603684,1,0,4.709530201312334,8.526945482858915,6.725087030312018
627,0,1,0,1,1,0,0,0,1,0,1,0,1,0,0,96.31603336422614,0,1,5.0689042022202315,8.370084326378025,7.084134073558019
628,1,0,1,0,0,0,0,1,0,1,1,0,0,0,1,93.11475409836065,1,0,4.836281906951478,7.512071245835466,6.851511778289265
629,0,1,0,1,0,1,0,0,1,0,1,0,0,0,1,97.27267768504882,0,1,6.214608098422191,9.816457993563025,8.229837969759979
630,1,0,1,0,0,1,0,0,1,0,1,0,0,0,1,93.84615384615384,0,1,5.075173815233827,7.8632667240095735,7.090403686571615
631,0,1,0,1,0,0,1,0,1,0,1,0,0,0,1,97.23076923076923,0,1,4.836281906951478,8.422882511944996,6.851511778289265
632,0,1,0,1,0,1,0,0,1,0,1,0,0,1,0,97.2304875257496,1,0,4.795790545596741,8.382289428951436,6.811020416934529
633,0,1,0,1,0,0,0,1,1,0,1,0,0,1,0,97.14801444043322,1,0,5.062595033026967,8.61974977974133,7.077824904364754
634,1,0,1,0,1,0,0,0,1,0,1,0,1,0,0,96.05032182562903,0,1,4.90527477843843,8.136810863675537,6.920504649776217
635,0,1,1,0,1,0,0,0,0,1,1,0,1,0,0,97.95291709314226,0,1,4.605170185988092,8.493924564476883,6.620400057325879
636,0,1,0,1,0,0,1,0,1,0,1,0,0,0,1,97.08108108108108,1,0,5.375278407684165,8.909235279192261,7.390508279021953
637,1,0,0,1,1,0,0,0,0,1,1,0,0,1,0,96.6951355365763,1,0,5.181783550292085,8.591558273371545,7.1970134216298725
638,1,0,1,0,1,0,0,0,1,0,0,1,0,1,0,97.09797076150993,1,0,4.890349128221754,8.430109084509125,6.905578999559541
639,0,1,0,1,0,0,1,0,0,1,0,1,1,0,0,97.46715427333062,0,1,5.231108616854587,8.906935339059165,7.246338488192374
640,1,0,0,1,0,1,0,0,1,0,0,1,0,0,1,97.51304347826087,1,0,5.655991810819852,9.350102314351341,7.671221682157641
641,0,1,0,1,0,0,0,0,0,1,1,0,0,1,0,97.4764054164957,1,0,4.812184355372417,8.491670234185152,6.827414226710205
642,0,1,0,1,0,0,0,1,1,0,1,0,0,1,0,97.05637488106565,1,0,6.20455776256869,9.730086093116732,8.219787633906478
643,0,1,0,1,1,0,0,0,1,0,1,0,1,0,0,97.57455982752425,0,1,4.90527477843843,8.624431942085836,6.920504649776217
644,0,1,1,0,0,1,0,0,0,1,0,1,0,0,1,97.56135206050315,1,0,5.062595033026967,8.776321456449958,7.077824904364754
645,0,1,1,0,1,0,0,0,1,0,1,0,1,0,0,98.12012107694758,1,0,4.770684624465665,8.744647438317532,6.7859144958034525
646,0,1,1,0,1,0,0,0,0,1,1,0,0,0,1,97.3044397463002,1,0,4.624972813284271,8.238536930171769,6.640120961907185
647,1,0,1,0,1,0,0,0,1,0,1,0,0,1,0,97.94,1,0,4.634728988229636,8.517193191416238,6.649958859567423
648,0,1,0,1,0,0,1,0,0,1,0,1,1,0,0,97.46715427333062,0,1,5.231108616854587,8.906935339059165,7.246338488192374
649,0,1,1,0,0,0,0,1,1,0,1,0,1,0,0,97.93548387096774,0,1,5.768320995793772,9.648595302907339,7.78355086713156
650,1,0,1,0,0,0,0,1,1,0,1,0,0,0,1,99.16831024404154,0,1,5.857933154483459,10.647399137646048,7.873489983483143
651,1,0,1,0,0,0,0,1,1,0,1,0,0,0,1,99.16831024404154,0,1,5.857933154483459,10.647399137646048,7.873489983483143
652,0,1,0,1,0,0,0,1,1,0,1,0,1,0,0,97.91525423728814,1,0,4.812184355372417,8.68270762989381,6.827414226710205
653,1,0,1,0,0,0,0,1,1,0,1,0,0,0,1,99.16831024404154,0,1,5.857933154483459,10.647399137646048,7.873489983483143
654,0,1,0,1,0,0,1,0,0,1,1,0,1,0,0,95.04603244191145,0,1,4.727387818712341,7.732369222284388,6.742617690050128
655,0,1,1,0,1,0,0,0,1,0,1,0,1,0,0,97.61554540527987,0,1,5.730099782973574,9.466299552232016,7.745329654311362
656,0,1,1,0,1,0,0,0,1,0,1,0,0,1,0,97.18372820742064,1,0,4.143134726391533,7.71289096149013,6.1582828750144465
657,0,1,1,0,1,0,0,0,1,0,1,0,0,1,0,98.63333333333333,0,1,5.099866427824199,9.392661928770137,7.115096299161986
658,1,0,1,0,0,1,0,0,1,0,1,0,0,0,1,93.84615384615384,0,1,5.075173815233827,7.8632667240095735,7.090403686571615
659,0,1,0,1,0,0,1,0,0,1,1,0,1,0,0,95.04603244191145,0,1,4.727387818712341,7.732369222284388,6.742617690050128
660,1,0,1,0,0,1,0,0,0,1,1,0,1,0,0,98.24142422926617,0,1,4.394449154672439,8.43511508038063,6.4096790260102265
661,1,0,0,1,0,1,0,0,1,0,0,1,0,0,1,97.51304347826087,1,0,5.655991810819852,9.350102314351341,7.671221682157641
662,0,1,0,1,0,0,1,0,1,0,1,0,0,1,0,98.56,1,0,4.276666119016055,8.517193191416238,6.291895990353843
663,0,1,0,1,1,0,0,0,0,1,1,0,1,0,0,98.08861859252823,0,1,4.189654742026425,8.146998697389993,6.2048846133642135
664,1,0,0,1,1,0,0,0,1,0,1,0,0,0,1,98.02793755135579,1,0,4.787491742782046,8.713582005421628,6.802721614119834
665,0,1,0,1,0,0,1,0,1,0,0,1,0,0,1,98.89351851851852,0,1,5.476463551931511,9.980448593672257,7.491693423269298
666,0,1,1,0,0,1,0,0,0,1,0,1,0,0,1,97.56135206050315,1,0,5.062595033026967,8.776321456449958,7.077824904364754
667,0,1,0,1,0,1,0,0,1,0,1,0,0,0,1,98.68131868131869,1,0,5.19295685089021,9.521494800613105,7.208186722227998
668,0,1,1,0,0,1,0,0,1,0,0,1,1,0,0,97.74083546462063,0,1,4.663439094112067,8.453614209773367,6.678668965449855
669,0,1,0,1,0,0,1,0,0,1,1,0,1,0,0,97.87959106399092,1,0,4.718498871295094,8.572060092857077,6.7337287426328825
670,0,1,0,1,1,0,0,0,1,0,1,0,1,0,0,99.39033241399332,0,1,4.836281906951478,9.936293504261306,6.851511778289265
671,0,1,0,1,0,1,0,0,1,0,1,0,0,1,0,97.2304875257496,1,0,4.795790545596741,8.382289428951436,6.811020416934529
672,1,0,0,1,1,0,0,0,0,1,1,0,0,1,0,96.6951355365763,1,0,5.181783550292085,8.591558273371545,7.1970134216298725
673,0,1,0,1,0,0,0,1,1,0,1,0,0,0,1,98.20952380952382,0,1,4.543294782270004,8.565983355585669,6.558524653607792
674,0,1,0,1,0,0,1,0,1,0,1,0,0,1,0,97.11363636363637,1,0,4.844187086458591,8.389359819906353,6.8594169577963795
675,0,1,0,1,1,0,0,0,0,1,1,0,0,0,1,97.85683669095584,1,0,4.605170185988092,8.448057452581375,6.620318334611005
676,0,1,0,1,0,0,1,0,0,1,0,1,1,0,0,97.46715427333062,0,1,5.231108616854587,8.906935339059165,7.246338488192374
677,0,1,0,1,1,0,0,0,0,1,1,0,0,0,1,96.21892625861709,1,0,5.198497031265826,8.473659189392508,7.2137269026036135
678,0,1,0,1,1,0,0,0,0,1,1,0,0,1,0,97.4285080913323,1,0,4.7535901911063645,8.414274137408396,6.768820062444153
679,0,1,0,1,0,0,0,1,1,0,1,0,1,0,0,97.91525423728814,1,0,4.812184355372417,8.68270762989381,6.827414226710205
680,0,1,0,1,1,0,0,0,1,0,1,0,0,1,0,96.7878787878788,0,1,5.579729825986222,9.017968479328726,7.59495969732401
681,1,0,1,0,0,0,1,0,1,0,1,0,0,0,1,95.97315436241611,0,1,4.927253685157205,8.139440521874608,6.9424835564949925
682,0,1,1,0,1,0,0,0,1,0,1,0,0,1,0,98.13802275749963,0,1,4.836281906951478,8.819813136232225,6.851511778289265
683,0,1,1,0,1,0,0,0,1,0,1,0,0,0,1,97.3379882173249,0,1,5.497168225293202,9.123256265069069,7.51239809663099
684,1,0,1,0,0,0,0,1,0,1,1,0,0,0,1,93.11475409836065,1,0,4.836281906951478,7.512071245835466,6.851511778289265
685,0,1,0,1,0,0,1,0,1,0,0,1,0,0,1,98.89351851851852,0,1,5.476463551931511,9.980448593672257,7.491693423269298
686,0,1,0,1,0,0,0,1,1,0,1,0,0,1,0,97.14801444043322,1,0,5.062595033026967,8.61974977974133,7.077824904364754
687,0,1,0,1,0,1,0,0,1,0,1,0,0,0,1,98.76640125602782,1,0,4.700480365792417,9.095714846134879,6.715710237130204
688,1,0,0,1,1,0,0,0,1,0,1,0,1,0,0,97.55618590442941,0,1,4.718498871295094,8.430109084509125,6.7337287426328825
689,1,0,1,0,1,0,0,0,1,0,1,0,1,0,0,98.06560134566863,0,1,3.828641396489095,7.774015077250727,5.8438712678268825
690,0,1,1,0,1,0,0,0,1,0,1,0,1,0,0,97.57085020242914,0,1,4.736198448394496,8.453827315794417,6.751428319732283
691,1,0,0,1,1,0,0,0,1,0,1,0,1,0,0,97.55618590442941,0,1,4.718498871295094,8.430109084509125,6.7337287426328825
692,0,1,0,1,1,0,0,0,0,1,1,0,0,0,1,97.96774193548387,0,1,4.836281906951478,8.732304571033183,6.851838735951161
693,0,1,0,1,0,0,0,1,0,1,1,0,0,0,1,98.48189112990674,1,0,4.248495242049359,8.436200032206706,6.264052071049043
694,1,0,0,1,1,0,0,0,1,0,1,0,1,0,0,98.16713942832206,0,1,4.430816798843313,8.430109084509125,6.446046670181102
695,0,1,1,0,1,0,0,0,1,0,1,0,0,1,0,97.19612003637465,0,1,5.220355825078324,8.794521851788527,7.235585696416113
696,1,0,1,0,0,0,0,1,1,0,1,0,0,0,1,99.16831024404154,0,1,5.857933154483459,10.647399137646048,7.873489983483143
697,0,1,1,0,0,1,0,0,1,0,0,1,1,0,0,97.74083546462063,0,1,4.663439094112067,8.453614209773367,6.678668965449855
698,0,1,0,1,0,1,0,0,1,0,1,0,0,0,1,97.71208746709861,0,1,4.727387818712341,8.504918160540624,6.742617690050128
699,1,0,1,0,1,0,0,0,1,0,1,0,1,0,0,98.0713183610492,0,1,5.41610040220442,9.364433907313582,7.4313302735422075
700,0,1,1,0,0,0,0,1,1,0,1,0,1,0,0,97.93548387096774,0,1,5.768320995793772,9.648595302907339,7.78355086713156
701,1,0,1,0,0,0,0,1,1,0,1,0,0,0,1,99.16831024404154,0,1,5.857933154483459,10.647399137646048,7.873489983483143
702,0,1,0,1,1,0,0,0,1,0,1,0,1,0,0,97.73022049286641,0,1,5.1647859739235145,8.950273466557375,7.180015845261302
703,0,1,1,0,1,0,0,0,1,0,0,1,0,0,1,98.81846153846155,1,0,5.2574953720277815,9.695848187757884,7.272725243365569
704,0,1,0,1,1,0,0,0,0,1,1,0,0,0,1,97.85683669095584,1,0,4.605170185988092,8.448057452581375,6.620318334611005
705,0,1,0,1,0,1,0,0,1,0,1,0,0,1,0,97.2304875257496,1,0,4.795790545596741,8.382289428951436,6.811020416934529
706,0,1,0,1,0,1,0,0,1,0,1,0,1,0,0,97.45197168857432,1,0,4.836281906951478,8.506132244056813,6.851511778289265
707,0,1,0,1,1,0,0,0,1,0,1,0,1,0,0,97.93187347931874,1,0,4.77912349311153,8.657650544111494,6.794353364449317
708,0,1,0,1,0,0,1,0,0,1,0,1,1,0,0,97.46715427333062,0,1,5.231108616854587,8.906935339059165,7.246338488192374
709,0,1,1,0,1,0,0,0,0,1,1,0,1,0,0,97.64065335753176,0,1,4.174387269895637,7.9211727215870145,6.189682524214258
710,0,1,0,1,0,1,0,0,1,0,0,1,0,0,1,98.88602659611502,1,0,5.075173815233827,9.572410734431823,7.090730644233511
711,0,1,1,0,1,0,0,0,1,0,1,0,0,0,1,97.3206809935808,0,1,4.564348191467836,8.183955717304954,6.5795780628056235
712,0,1,1,0,0,0,0,1,1,0,1,0,1,0,0,97.93548387096774,0,1,5.768320995793772,9.648595302907339,7.78355086713156
713,0,1,1,0,1,0,0,0,1,0,1,0,0,1,0,98.38655910394026,1,0,5.488937726156687,9.61573881119536,7.504167597494474
714,0,1,0,1,1,0,0,0,0,1,1,0,0,0,1,97.34791977457317,0,1,5.075173815233827,8.704999678440762,7.090403686571615
715,0,1,1,0,0,1,0,0,0,1,0,1,0,0,1,97.56135206050315,1,0,5.062595033026967,8.776321456449958,7.077824904364754
716,0,1,0,1,0,0,0,1,1,0,1,0,0,1,0,97.26495726495726,1,0,4.852030263919617,8.451053388911692,6.867260135257405
717,0,1,0,1,0,0,1,0,0,1,1,0,1,0,0,97.87959106399092,1,0,4.718498871295094,8.572060092857077,6.7337287426328825
718,1,0,1,0,1,0,0,0,1,0,1,0,1,0,0,96.05032182562903,0,1,4.90527477843843,8.136810863675537,6.920504649776217
719,0,1,0,1,1,0,0,0,0,1,1,0,1,0,0,96.4238845144357,1,0,5.384495062789089,8.715388097366482,7.399724934126877
720,0,1,1,0,1,0,0,0,1,0,1,0,1,0,0,98.38461538461539,1,0,4.653960350157523,8.779557455883728,6.669190221495311
721,0,1,0,1,0,1,0,0,1,0,0,1,1,0,0,96.96969696969697,1,0,4.189654742026425,7.686162303492906,6.2049499963450465
722,0,1,0,1,0,0,1,0,1,0,1,0,1,0,0,97.02970297029702,1,0,5.0106352940962555,8.527143522269405,7.025865165434044
723,1,0,1,0,0,0,1,0,1,0,1,0,0,0,1,95.97315436241611,0,1,4.927253685157205,8.139440521874608,6.9424835564949925
724,0,1,1,0,1,0,0,0,1,0,1,0,1,0,0,98.38461538461539,1,0,4.653960350157523,8.779557455883728,6.669190221495311
725,1,0,1,0,1,0,0,0,0,1,1,0,1,0,0,97.20588235294117,0,1,4.553876891600541,8.131530710604252,6.569106762938329
726,1,0,1,0,1,0,0,0,0,1,1,0,1,0,0,97.20588235294117,0,1,4.553876891600541,8.131530710604252,6.569106762938329
727,0,1,0,1,0,0,0,1,1,0,1,0,0,1,0,97.48848890749268,1,0,5.19295685089021,8.877242435993919,7.208252105208832
728,0,1,0,1,0,0,1,0,0,1,1,0,0,0,1,98.4423676012461,1,0,3.8066624897703196,7.968665700466235,5.822219318770004
729,1,0,1,0,1,0,0,0,1,0,1,0,0,0,1,97.83475783475784,1,0,4.330733340286331,8.163371316459912,6.3459632116241185
730,0,1,0,1,0,1,0,0,1,0,0,1,0,0,1,98.88602659611502,1,0,5.075173815233827,9.572410734431823,7.090730644233511
731,1,0,1,0,1,0,0,0,1,0,1,0,0,1,0,96.83720930232558,1,0,4.912654885736052,8.366370301681654,6.92788475707384
732,1,0,1,0,0,1,0,0,0,1,1,0,1,0,0,98.24142422926617,0,1,4.394449154672439,8.43511508038063,6.4096790260102265
733,0,1,0,1,1,0,0,0,1,0,1,0,1,0,0,93.07692307692308,0,1,4.90527477843843,7.575584651557793,6.920504649776217
734,0,1,0,1,0,1,0,0,1,0,1,0,0,0,1,97.33244857332448,0,1,5.303304908059076,8.927314111060596,7.318534779396863
735,0,1,1,0,1,0,0,0,1,0,1,0,0,1,0,97.19612003637465,0,1,5.220355825078324,8.794521851788527,7.235585696416113
736,0,1,0,1,0,0,0,1,1,0,1,0,0,1,0,97.48848890749268,1,0,5.19295685089021,8.877242435993919,7.208252105208832
737,1,0,1,0,1,0,0,0,1,0,1,0,1,0,0,98.0713183610492,0,1,5.41610040220442,9.364433907313582,7.4313302735422075
738,0,1,1,0,0,0,1,0,1,0,1,0,1,0,0,97.74457287848887,1,0,4.382026634673881,8.173857454773621,6.3972565060116695
739,0,1,0,1,0,1,0,0,1,0,1,0,0,1,0,99.23181469006678,0,1,5.560681631015528,10.429576102968031,7.575911502353316
740,0,1,1,0,1,0,0,0,0,1,1,0,1,0,0,98.36356198009001,0,1,4.787491742782046,8.9001399880938,6.802721614119834
741,0,1,1,0,1,0,0,0,1,0,1,0,1,0,0,97.62763801710076,0,1,6.173786103901937,9.915070213779195,8.189015975239725
742,0,1,0,1,1,0,0,0,0,1,1,0,0,0,1,96.21892625861709,1,0,5.198497031265826,8.473659189392508,7.2137269026036135
743,1,0,1,0,0,0,0,1,0,1,1,0,0,0,1,93.11475409836065,1,0,4.836281906951478,7.512071245835466,6.851511778289265
744,0,1,0,1,1,0,0,0,1,0,1,0,0,1,0,96.7878787878788,0,1,5.579729825986222,9.017968479328726,7.59495969732401
745,0,1,0,1,0,1,0,0,1,0,0,1,1,0,0,98.45,0,1,5.043425116919247,9.210340371976184,7.058654988257034
746,0,1,0,1,0,0,0,1,1,0,1,0,1,0,0,97.91525423728814,1,0,4.812184355372417,8.68270762989381,6.827414226710205
747,1,0,1,0,0,1,0,0,1,0,1,0,0,0,1,93.84615384615384,0,1,5.075173815233827,7.8632667240095735,7.090403686571615
748,0,1,0,1,0,1,0,0,1,0,1,0,1,0,0,97.8985388277787,0,1,4.852030263919617,8.714567550836485,6.867260135257405
749,1,0,1,0,1,0,0,0,1,0,1,0,0,0,1,97.83475783475784,1,0,4.330733340286331,8.163371316459912,6.3459632116241185
750,0,1,0,1,1,0,0,0,1,0,1,0,1,0,0,97.37722232001408,1,0,5.003946305945459,8.644882552557126,7.019176177283247
751,1,0,0,1,1,0,0,0,1,0,1,0,0,0,1,98.37853773584906,0,1,4.700480365792417,8.822322177471738,6.715710237130204
752,0,1,1,0,1,0,0,0,0,1,1,0,0,0,1,97.6897689768977,1,0,4.836281906951478,8.604104563405533,6.851838735951161
753,0,1,1,0,1,0,0,0,1,0,0,1,0,0,1,98.20468509984639,1,0,5.231108616854587,9.251098364448351,7.246338488192374
754,0,1,1,0,0,0,0,1,1,0,1,0,1,0,0,97.93548387096774,0,1,5.768320995793772,9.648595302907339,7.78355086713156
755,0,1,0,1,1,0,0,0,1,0,1,0,1,0,0,99.39033241399332,0,1,4.836281906951478,9.936293504261306,6.851511778289265
756,0,1,0,1,1,0,0,0,1,0,1,0,1,0,0,97.89571048676147,0,1,5.204006687076795,9.065198986306513,7.2192365584145834
757,0,1,1,0,1,0,0,0,0,1,1,0,1,0,0,97.64065335753176,0,1,4.174387269895637,7.9211727215870145,6.189682524214258
758,0,1,0,1,0,0,1,0,0,1,1,0,0,1,0,97.58709677419355,0,1,5.231108616854587,8.955448122347393,7.2462567654775
759,0,1,0,1,0,1,0,0,1,0,0,1,1,0,0,96.96969696969697,1,0,4.189654742026425,7.686162303492906,6.2049499963450465
760,0,1,0,1,1,0,0,0,0,1,1,0,0,0,1,98.03548795944234,1,0,4.532599493153256,8.46252579007393,6.547829364491044
761,0,1,0,1,1,0,0,0,1,0,1,0,0,0,1,96.5334677927644,0,1,5.616771097666572,8.978786553302003,7.632000969004359
762,0,1,0,1,1,0,0,0,0,1,1,0,0,0,1,98.03548795944234,1,0,4.532599493153256,8.46252579007393,6.547829364491044
763,0,1,0,1,0,0,1,0,1,0,0,1,0,0,1,98.89351851851852,0,1,5.476463551931511,9.980448593672257,7.491693423269298
764,0,1,1,0,0,0,1,0,1,0,1,0,1,0,0,97.74457287848887,1,0,4.382026634673881,8.173857454773621,6.3972565060116695
765,0,1,0,1,1,0,0,0,1,0,1,0,0,0,1,97.2439063246774,0,1,5.153291594497779,8.744647438317532,7.168521465835567
766,0,1,0,1,0,0,1,0,1,0,0,1,1,0,0,98.10040705563094,1,0,4.836281906951478,8.799812469525556,6.851511778289265
767,0,1,0,1,0,0,0,1,0,1,1,0,0,1,0,98.00210304942166,1,0,4.553876891600541,8.46695197497949,6.569106762938329
768,0,1,1,0,1,0,0,0,1,0,1,0,0,0,1,98.14214096136833,0,1,4.836281906951478,8.822027322685583,6.851511778289265
769,0,1,1,0,1,0,0,0,1,0,1,0,0,0,1,97.66340385222608,0,1,4.30406509320417,8.06054004653864,6.319294964541958
770,0,1,1,0,1,0,0,0,1,0,1,0,1,0,0,96.71975530007383,0,1,5.739792912179234,9.15704507491796,7.755022783517022
771,0,1,0,1,0,0,0,1,1,0,1,0,0,1,0,97.26495726495726,1,0,4.852030263919617,8.451053388911692,6.867260135257405
772,0,1,0,1,0,0,1,0,1,0,0,1,0,1,0,96.58333333333333,0,1,5.3230099791384085,8.699514748210191,7.33840331594448
773,0,1,0,1,0,0,0,1,0,1,1,0,0,1,0,97.40417765159197,0,1,4.852030263919617,8.503297086224126,6.867260135257405
774,1,0,1,0,1,0,0,0,1,0,1,0,0,1,0,96.83720930232558,1,0,4.912654885736052,8.366370301681654,6.92788475707384
775,0,1,0,1,0,1,0,0,1,0,1,0,0,1,0,97.02172389628592,0,1,5.135798437050262,8.649623978596727,7.1510283083880495
776,1,0,1,0,1,0,0,0,1,0,1,0,0,1,0,97.94,1,0,4.634728988229636,8.517193191416238,6.649958859567423
777,0,1,1,0,1,0,0,0,1,0,1,0,0,1,0,98.38655910394026,1,0,5.488937726156687,9.61573881119536,7.504167597494474
778,0,1,0,1,0,1,0,0,1,0,1,0,0,1,0,99.23181469006678,0,1,5.560681631015528,10.429576102968031,7.575911502353316
779,0,1,0,1,0,1,0,0,1,0,1,0,1,0,0,97.63833585061101,0,1,5.147494476813453,8.893298144217916,7.163799039281006
780,0,1,0,1,0,1,0,0,1,0,1,0,0,0,1,98.76640125602782,1,0,4.700480365792417,9.095714846134879,6.715710237130204
781,1,0,1,0,1,0,0,0,1,0,1,0,0,1,0,96.83720930232558,1,0,4.912654885736052,8.366370301681654,6.92788475707384
782,1,0,1,0,1,0,0,0,1,0,1,0,0,1,0,96.83720930232558,1,0,4.912654885736052,8.366370301681654,6.92788475707384
783,0,1,1,0,1,0,0,0,1,0,1,0,1,0,0,97.61554540527987,0,1,5.730099782973574,9.466299552232016,7.745329654311362
784,1,0,0,1,1,0,0,0,1,0,1,0,1,0,0,98.16713942832206,0,1,4.430816798843313,8.430109084509125,6.446046670181102
785,0,1,0,1,0,0,0,1,1,0,1,0,0,0,1,98.20952380952382,0,1,4.543294782270004,8.565983355585669,6.558524653607792
786,0,1,1,0,1,0,0,0,1,0,1,0,0,0,1,96.98666666666666,0,1,4.727387818712341,8.229511118964457,6.742535967335254
787,1,0,1,0,0,0,0,1,1,0,1,0,0,0,1,99.16831024404154,0,1,5.857933154483459,10.647399137646048,7.873489983483143
788,0,1,0,1,1,0,0,0,1,0,1,0,1,0,0,94.76923076923077,0,1,5.135798437050262,8.086410275323782,7.1510283083880495
789,1,0,1,0,0,1,0,0,0,1,0,1,0,1,0,98.39668994052236,0,1,4.127134385045092,8.260234291607297,6.142364256382879
790,0,1,0,1,0,0,1,0,1,0,1,0,0,1,0,97.11363636363637,1,0,4.844187086458591,8.389359819906353,6.8594169577963795
791,1,0,1,0,0,0,0,1,1,0,1,0,0,0,1,99.16831024404154,0,1,5.857933154483459,10.647399137646048,7.873489983483143
792,0,1,0,1,1,0,0,0,0,1,1,0,1,0,0,96.4238845144357,1,0,5.384495062789089,8.715388097366482,7.399724934126877
793,1,0,1,0,1,0,0,0,1,0,1,0,0,0,1,97.76729559748428,1,0,4.2626798770413155,8.064636475774222,6.277909748379103
794,0,1,1,0,1,0,0,0,0,1,1,0,0,0,1,97.6897689768977,1,0,4.836281906951478,8.604104563405533,6.851838735951161
795,1,0,1,0,0,0,0,1,1,0,1,0,0,0,1,99.16831024404154,0,1,5.857933154483459,10.647399137646048,7.873489983483143
796,1,0,1,0,1,0,0,0,1,0,1,0,0,0,1,97.76729559748428,1,0,4.2626798770413155,8.064636475774222,6.277909748379103
797,0,1,0,1,1,0,0,0,1,0,1,0,1,0,0,97.71963514162266,0,1,6.345636360828596,10.126471091048971,8.360866232166384
798,0,1,0,1,0,1,0,0,1,0,1,0,0,1,0,98.53416775169053,0,1,5.855071922202427,10.077818939438902,7.870301793540215
799,1,0,0,1,1,0,0,0,1,0,1,0,0,0,1,98.37853773584906,0,1,4.700480365792417,8.822322177471738,6.715710237130204
800,0,1,1,0,1,0,0,0,1,0,1,0,1,0,0,98.04654640620619,1,0,5.342334251964811,9.277905558138606,7.357564123302598
801,0,1,1,0,1,0,0,0,1,0,0,1,0,0,1,98.20468509984639,1,0,5.231108616854587,9.251098364448351,7.246338488192374
802,0,1,0,1,0,1,0,0,1,0,1,0,0,1,0,99.23181469006678,0,1,5.560681631015528,10.429576102968031,7.575911502353316
803,0,1,1,0,0,0,1,0,1,0,1,0,1,0,0,96.93422519509475,1,0,4.700480365792417,8.185350223178686,6.715710237130204
804,0,1,0,1,0,0,1,0,0,1,1,0,1,0,0,95.04603244191145,0,1,4.727387818712341,7.732369222284388,6.742617690050128
805,0,1,0,1,1,0,0,0,0,1,1,0,0,0,1,96.21892625861709,1,0,5.198497031265826,8.473659189392508,7.2137269026036135
806,0,1,0,1,0,1,0,0,1,0,1,0,0,0,1,97.27267768504882,0,1,6.214608098422191,9.816457993563025,8.229837969759979
807,0,1,1,0,1,0,0,0,0,1,1,0,0,0,1,97.3044397463002,1,0,4.624972813284271,8.238536930171769,6.640120961907185
808,0,1,1,0,1,0,0,0,1,0,1,0,0,0,1,97.68654284783317,0,1,4.2626798770413155,8.029107054619736,6.277828025664229
809,0,1,1,0,1,0,0,0,1,0,1,0,1,0,0,96.71975530007383,0,1,5.739792912179234,9.15704507491796,7.755022783517022
810,0,1,0,1,1,0,0,0,0,1,1,0,0,0,1,98.03548795944234,1,0,4.532599493153256,8.46252579007393,6.547829364491044
811,0,1,0,1,0,0,0,1,1,0,1,0,0,1,0,97.65844520761786,0,1,5.0106352940962555,8.764990330169104,7.025865165434044
812,0,1,1,0,1,0,0,0,0,1,1,0,1,0,0,97.86036036036036,0,1,4.890349128221754,8.734881892047483,6.905578999559541
813,0,1,0,1,0,1,0,0,1,0,1,0,0,1,0,99.23181469006678,0,1,5.560681631015528,10.429576102968031,7.575911502353316
814,0,1,0,1,0,0,1,0,1,0,0,1,0,1,0,96.11151870873074,1,0,4.663439094112067,7.9105906122564775,6.678668965449855
815,0,1,0,1,1,0,0,0,1,0,1,0,0,0,1,96.5334677927644,0,1,5.616771097666572,8.978786553302003,7.632000969004359
816,0,1,0,1,0,1,0,0,1,0,1,0,0,0,1,97.33244857332448,0,1,5.303304908059076,8.927314111060596,7.318534779396863
817,0,1,0,1,1,0,0,0,0,1,1,0,1,0,0,98.02237835024721,1,0,5.0238805208462765,8.94715577112479,7.039110392184064
818,1,0,0,1,1,0,0,0,0,1,1,0,0,1,0,96.6951355365763,1,0,5.181783550292085,8.591558273371545,7.1970134216298725
819,1,0,1,0,0,1,0,0,1,0,1,0,0,0,1,93.84615384615384,0,1,5.075173815233827,7.8632667240095735,7.090403686571615
820,0,1,1,0,1,0,0,0,0,1,1,0,1,0,0,97.86036036036036,0,1,4.890349128221754,8.734881892047483,6.905578999559541
821,0,1,0,1,0,1,0,0,1,0,0,1,1,0,0,98.45,0,1,5.043425116919247,9.210340371976184,7.058654988257034
822,0,1,1,0,1,0,0,0,0,1,1,0,1,0,0,97.86036036036036,0,1,4.890349128221754,8.734881892047483,6.905578999559541
823,0,1,0,1,0,1,0,0,1,0,1,0,1,0,0,96.89625850340136,1,0,4.983606621708336,8.456168489578463,6.998836493046124
824,1,0,1,0,0,0,1,0,1,0,1,0,0,0,1,95.97315436241611,0,1,4.927253685157205,8.139440521874608,6.9424835564949925
825,0,1,0,1,0,0,1,0,1,0,0,1,0,1,0,96.58333333333333,0,1,5.3230099791384085,8.699514748210191,7.33840331594448
826,0,1,1,0,1,0,0,0,0,1,1,0,1,0,0,97.86036036036036,0,1,4.890349128221754,8.734881892047483,6.905578999559541
827,0,1,0,1,0,0,0,1,1,0,1,0,0,1,0,97.14801444043322,1,0,5.062595033026967,8.61974977974133,7.077824904364754
828,1,0,0,1,1,0,0,0,0,1,1,0,0,1,0,96.6951355365763,1,0,5.181783550292085,8.591558273371545,7.1970134216298725
829,1,0,0,1,1,0,0,0,1,0,1,0,1,0,0,97.55618590442941,0,1,4.718498871295094,8.430109084509125,6.7337287426328825
830,1,0,1,0,0,1,0,0,1,0,1,0,0,1,0,95.54725653547831,0,1,5.043425116919247,8.15507488781144,7.061601462806481
831,0,1,0,1,1,0,0,0,0,1,1,0,1,0,0,96.4238845144357,1,0,5.384495062789089,8.715388097366482,7.399724934126877
832,0,1,0,1,1,0,0,0,1,0,1,0,0,0,1,98.37853773584906,0,1,4.700480365792417,8.822322177471738,6.715710237130204
833,0,1,0,1,0,1,0,0,1,0,1,0,0,1,0,98.16867469879517,1,0,5.0238805208462765,9.02401079378469,7.039175775164898
834,1,0,0,1,1,0,0,0,0,1,1,0,0,1,0,96.6951355365763,1,0,5.181783550292085,8.591558273371545,7.1970134216298725
835,0,1,0,1,0,1,0,0,1,0,1,0,0,1,0,97.2304875257496,1,0,4.795790545596741,8.382289428951436,6.811020416934529
836,0,1,0,1,1,0,0,0,0,1,1,0,0,0,1,96.21892625861709,1,0,5.198497031265826,8.473659189392508,7.2137269026036135
837,0,1,1,0,1,0,0,0,1,0,1,0,1,0,0,96.71975530007383,0,1,5.739792912179234,9.15704507491796,7.755022783517022
838,0,1,1,0,1,0,0,0,1,0,1,0,1,0,0,96.71975530007383,0,1,5.739792912179234,9.15704507491796,7.755022783517022
839,0,1,0,1,0,0,0,1,0,1,1,0,0,0,1,96.84368737474949,0,1,4.836281906951478,8.292047637431354,6.851838735951161
840,0,1,0,1,0,1,0,0,1,0,1,0,1,0,0,96.75531914893617,0,1,4.110873864173311,7.539027055823995,6.126103735511099
841,0,1,0,1,0,1,0,0,1,0,1,0,1,0,0,96.89625850340136,1,0,4.983606621708336,8.456168489578463,6.998836493046124
842,0,1,0,1,0,0,1,0,0,1,1,0,0,0,1,98.4423676012461,1,0,3.8066624897703196,7.968665700466235,5.822219318770004
843,0,1,1,0,1,0,0,0,1,0,1,0,0,1,0,97.64762361977917,1,0,4.584967478670572,8.334711621820917,6.60019735000836
